Nome,Semana,Link,Data,Plataforma,Formato,Engajamento,Taxa de Engajamento,Impressoes,Visualizacoes,Likes,Comentarios,Compartilhamentos,VMG
Abilio Brunini,14-20 MAR/24,https://www.tiktok.com/@abiliobrunini/video/7346638555185155334,15-03-2024,TikTok,Vídeo,134,0.0668,0.0,2006.0,129,3.0,2.0,374.34
Abilio Brunini,14-20 MAR/24,https://www.youtube.com/watch?v=Hg9-2q0j45c,15-03-2024,YouTube,Vídeo,23,0.217,0.0,106.0,22,1.0,0.0,102.94
Abilio Brunini,14-20 MAR/24,https://www.instagram.com/reel/C4iuWzEudxZ/,15-03-2024,Instagram,Reels,1075,0.005,54150.0,0.0,1009,66.0,0.0,2600.27
Abilio Brunini,14-20 MAR/24,https://www.tiktok.com/@abiliobrunini/video/7347029614327254278,16-03-2024,TikTok,Vídeo,24010,0.1055,0.0,227482.0,18563,2411.0,3036.0,64893.58
Abilio Brunini,14-20 MAR/24,https://www.instagram.com/reel/C4lb7DVOEqO/,16-03-2024,Instagram,Reels,14893,0.0687,54176.0,0.0,13858,1035.0,0.0,21112.3
Abilio Brunini,14-20 MAR/24,https://twitter.com/user/status/1769069049869123633,16-03-2024,Twitter,Vídeo,3618,0.8204,4410.0,0.0,2893,0.0,725.0,5950.21
Abilio Brunini,14-20 MAR/24,https://www.youtube.com/watch?v=1ZASOIAOJWs,18-03-2024,YouTube,Vídeo,1427,0.0717,0.0,19905.0,1332,95.0,0.0,11243.55
Abilio Brunini,14-20 MAR/24,https://www.tiktok.com/@abiliobrunini/video/7348135370007072005,19-03-2024,TikTok,Vídeo,95341,0.0832,0.0,1146604.0,92995,1213.0,1133.0,225105.02
Abilio Brunini,14-20 MAR/24,https://www.instagram.com/reel/C4tHXtrukhv/,19-03-2024,Instagram,Reels,42200,0.1881,56079.0,0.0,41709,491.0,0.0,40918.39
Abilio Brunini,14-20 MAR/24,https://twitter.com/user/status/1770148182418206733,19-03-2024,Twitter,Vídeo,3333,0.7558,4410.0,0.0,2715,0.0,618.0,5334.94
Abilio Brunini,14-20 MAR/24,https://www.youtube.com/watch?v=u0meJvIboLw,20-03-2024,YouTube,Vídeo,34,0.2312999999999999,0.0,147.0,31,3.0,0.0,170.14
André Fernandes,14-20 MAR/24,https://www.instagram.com/reel/C4rF39-PZYV/,18-03-2024,Instagram,Reels,111519,0.0677,280034.0,0.0,108389,3130.0,0.0,123647.11
André Fernandes,14-20 MAR/24,https://www.tiktok.com/@andrefernandes_br/video/7347861621244579077,18-03-2024,TikTok,Vídeo,5186,0.1452999999999999,0.0,35700.0,4333,396.0,457.0,11511.94
André Fernandes,14-20 MAR/24,https://www.instagram.com/reel/C4sjm4YOtJU/,19-03-2024,Instagram,Reels,108148,0.0655999999999999,280190.0,0.0,107041,1107.0,0.0,106914.26
André Fernandes,14-20 MAR/24,https://www.youtube.com/watch?v=pZk5rpRMl3w,19-03-2024,YouTube,Vídeo,2166,0.3394,0.0,6382.0,2051,115.0,0.0,8796.8
André Fernandes,14-20 MAR/24,https://www.tiktok.com/@andrefernandes_br/video/7348218964947848453,19-03-2024,TikTok,Vídeo,26306,0.1601,0.0,164300.0,25100,514.0,692.0,45067.92
André Fernandes,14-20 MAR/24,https://www.instagram.com/reel/C4v3RbmP7FB/,20-03-2024,Instagram,Reels,84947,0.0515,280346.0,0.0,81863,3084.0,0.0,100487.6
André Fernandes,14-20 MAR/24,https://www.youtube.com/watch?v=rZZn5QZFEik,20-03-2024,YouTube,Vídeo,27388,0.0771999999999999,0.0,354579.0,26105,1283.0,0.0,199280.44
André Fernandes,14-20 MAR/24,https://www.tiktok.com/@andrefernandes_br/video/7348541655898737925,20-03-2024,TikTok,Vídeo,1786,0.1406,0.0,12700.0,1731,22.0,33.0,3147.58
Antonio Carlos Rodrigues,14-20 MAR/24,https://www.instagram.com/p/C4gGLCmLI_S/,14-03-2024,Instagram,Foto,342,0.0096,8942.0,0.0,283,59.0,0.0,899.86
Antonio Carlos Rodrigues,14-20 MAR/24,https://www.instagram.com/p/C4jq4jJsGPz/,15-03-2024,Instagram,Foto,217,0.0060999999999999,8942.0,0.0,184,33.0,0.0,614.52
Antonio Carlos Rodrigues,14-20 MAR/24,https://www.instagram.com/reel/C4lBcIvsg3C/,16-03-2024,Instagram,Reels,154,0.0043,8942.0,0.0,128,26.0,0.0,512.46
Antonio Carlos Rodrigues,14-20 MAR/24,https://www.instagram.com/p/C4ny7EJL38o/,17-03-2024,Instagram,Foto,452,0.0126,8942.0,0.0,417,35.0,0.0,830.3
Antonio Carlos Rodrigues,14-20 MAR/24,https://www.instagram.com/p/C4tqHSRPtvn/,19-03-2024,Instagram,Foto,302,0.0084,8942.0,0.0,278,24.0,0.0,626.06
Antonio Carlos Rodrigues,14-20 MAR/24,https://www.instagram.com/p/C4wP3Rsvh4_/,20-03-2024,Instagram,Foto,288,0.0081,8942.0,0.0,245,43.0,0.0,743.98
Bia Kicis,14-20 MAR/24,https://www.instagram.com/p/C4rWnunJBbp/,18-03-2024,Instagram,Foto,60074,0.0308999999999999,330212.0,0.0,55429,4645.0,0.0,90901.53
Bia Kicis,14-20 MAR/24,https://www.youtube.com/watch?v=zx2b7INagYM,19-03-2024,YouTube,Vídeo,509,0.4214,0.0,1208.0,481,28.0,0.0,1984.27
Bia Kicis,14-20 MAR/24,https://www.instagram.com/p/C4sROsaP13D/,19-03-2024,Instagram,Foto,69578,0.0358,330212.0,0.0,67151,2427.0,0.0,83903.85
Bia Kicis,14-20 MAR/24,https://www.instagram.com/reel/C4sm_6hKqw0/,19-03-2024,Instagram,Reels,27980,0.0144,330212.0,0.0,25006,2974.0,0.0,51871.05
Bia Kicis,14-20 MAR/24,https://www.instagram.com/reel/C4s6iQKC1L8/,19-03-2024,Instagram,Reels,67695,0.0349,330212.0,0.0,65568,2127.0,0.0,80232.47
Bia Kicis,14-20 MAR/24,https://www.instagram.com/reel/C4tOTqEpvZs/,19-03-2024,Instagram,Reels,9399,0.0048,330212.0,0.0,9153,246.0,0.0,17231.87
Bia Kicis,14-20 MAR/24,https://www.instagram.com/reel/C4ti3_BpSy7/,19-03-2024,Instagram,Reels,29692,0.0153,330212.0,0.0,28888,804.0,0.0,38500.57
Bia Kicis,14-20 MAR/24,https://www.instagram.com/reel/C4ty8wWOuXn/,19-03-2024,Instagram,Reels,54335,0.0279999999999999,330299.0,0.0,49753,4582.0,0.0,85537.04
Bia Kicis,14-20 MAR/24,https://www.instagram.com/reel/C4uFXQEuX00/,19-03-2024,Instagram,Reels,56431,0.0289999999999999,330299.0,0.0,47597,8834.0,0.0,116423.28
Bia Kicis,14-20 MAR/24,https://www.youtube.com/watch?v=VfekpXbHCSo,20-03-2024,YouTube,Vídeo,2447,0.3041,0.0,8047.0,2140,307.0,0.0,12676.33
Bia Kicis,14-20 MAR/24,https://www.instagram.com/p/C4u1gIcMUOy/,20-03-2024,Instagram,Foto,31542,0.0162,330299.0,0.0,29469,2073.0,0.0,48773.5
Bia Kicis,14-20 MAR/24,https://www.instagram.com/reel/C4vMBnniYdQ/,20-03-2024,Instagram,Reels,50738,0.0260999999999999,330299.0,0.0,49141,1597.0,0.0,62026.22
Bia Kicis,14-20 MAR/24,https://www.instagram.com/reel/C4vgc2Bvq_m/,20-03-2024,Instagram,Reels,10009,0.0052,330299.0,0.0,9703,306.0,0.0,18168.84
Bia Kicis,14-20 MAR/24,https://www.instagram.com/p/C4v1986pIIr/,20-03-2024,Instagram,Foto,32544,0.0167,330299.0,0.0,29834,2710.0,0.0,53992.3
Bia Kicis,14-20 MAR/24,https://www.instagram.com/reel/C4wECvhJRGT/,20-03-2024,Instagram,Reels,13164,0.0068,330299.0,0.0,12530,634.0,0.0,23125.66
Bia Kicis,14-20 MAR/24,https://www.instagram.com/reel/C4wHh7rJE5t/,20-03-2024,Instagram,Reels,222870,0.1147,330299.0,0.0,204565,18305.0,0.0,324342.46
Bia Kicis,14-20 MAR/24,https://www.instagram.com/p/C4wjeYFOggZ/,20-03-2024,Instagram,Foto,5503,0.0028,330387.0,0.0,5430,73.0,0.0,12701.95
Caroline De Toni,14-20 MAR/24,https://www.instagram.com/reel/C4glksnOtyN/,14-03-2024,Instagram,Reels,12073,0.0139,217162.0,0.0,11380,693.0,0.0,20032.93
Caroline De Toni,14-20 MAR/24,https://twitter.com/user/status/1768329335075709201,14-03-2024,Twitter,Foto,295,0.0034999999999999,83800.0,0.0,233,0.0,62.0,1960.87
Caroline De Toni,14-20 MAR/24,https://twitter.com/user/status/1768329326032724396,14-03-2024,Twitter,Link,890,0.0106,83800.0,0.0,765,0.0,125.0,2754.6
Caroline De Toni,14-20 MAR/24,https://www.instagram.com/p/C4gMbowOMH-/,14-03-2024,Instagram,Foto,15180,0.0175,217162.0,0.0,14624,556.0,0.0,21767.87
Caroline De Toni,14-20 MAR/24,https://twitter.com/user/status/1768716126278615252,15-03-2024,Twitter,Link,106,0.0013,83800.0,0.0,95,0.0,11.0,1613.92
Caroline De Toni,14-20 MAR/24,https://twitter.com/user/status/1768716127922684395,15-03-2024,Twitter,Link,114,0.0014,83800.0,0.0,101,0.0,13.0,1628.12
Caroline De Toni,14-20 MAR/24,https://twitter.com/user/status/1768716121836826683,15-03-2024,Twitter,Foto,2146,0.0256,83800.0,0.0,1768,0.0,378.0,4797.34
Caroline De Toni,14-20 MAR/24,https://twitter.com/user/status/1768716124554747948,15-03-2024,Twitter,Link,25,0.0003,83800.0,0.0,22,0.0,3.0,1507.63
Caroline De Toni,14-20 MAR/24,https://www.instagram.com/p/C4i8OvmuOOp/,15-03-2024,Instagram,Foto,14469,0.0166,217389.0,0.0,13777,692.0,0.0,22091.79
Caroline De Toni,14-20 MAR/24,https://www.instagram.com/reel/C4iy2r_O70S/,15-03-2024,Instagram,Reels,18745,0.0216,217389.0,0.0,16586,2159.0,0.0,35803.43
Caroline De Toni,14-20 MAR/24,https://twitter.com/user/status/1768666645206122751,15-03-2024,Twitter,Link,47,0.0006,83800.0,0.0,39,0.0,8.0,1545.15
Caroline De Toni,14-20 MAR/24,https://twitter.com/user/status/1768666643431821614,15-03-2024,Twitter,Link,36,0.0004,83800.0,0.0,32,0.0,4.0,1521.8
Caroline De Toni,14-20 MAR/24,https://twitter.com/user/status/1768621012029952489,15-03-2024,Twitter,Link,138,0.0016,83800.0,0.0,123,0.0,15.0,1658.48
Caroline De Toni,14-20 MAR/24,https://twitter.com/user/status/1768621009626632615,15-03-2024,Twitter,Foto,1605,0.0192,83800.0,0.0,1382,0.0,223.0,3776.63
Caroline De Toni,14-20 MAR/24,https://www.instagram.com/p/C4iREWsO6lQ/,15-03-2024,Instagram,Foto,6596,0.0076,217389.0,0.0,6342,254.0,0.0,12325.09
Caroline De Toni,14-20 MAR/24,https://www.instagram.com/reel/C4qJkyHMEBS/,18-03-2024,Instagram,Reels,11960,0.0137,218069.0,0.0,11384,576.0,0.0,19155.98
Caroline De Toni,14-20 MAR/24,https://twitter.com/user/status/1769731669567684795,18-03-2024,Twitter,Link,246,0.0029,83800.0,0.0,211,0.0,35.0,1828.76
Caroline De Toni,14-20 MAR/24,https://twitter.com/user/status/1769731666866573654,18-03-2024,Twitter,Vídeo,10245,0.1223,83800.0,0.0,7283,0.0,2962.0,20884.37
Caroline De Toni,14-20 MAR/24,https://twitter.com/user/status/1769731671962595503,18-03-2024,Twitter,Texto,268,0.0032,83800.0,0.0,232,0.0,36.0,1854.04
Caroline De Toni,14-20 MAR/24,https://www.instagram.com/p/C4q158Mvohy/,18-03-2024,Instagram,Foto,15262,0.0175,218069.0,0.0,14861,401.0,0.0,20798.7
Caroline De Toni,14-20 MAR/24,https://www.instagram.com/reel/C4rC1C-uICZ/,18-03-2024,Instagram,Reels,13730,0.0157,218069.0,0.0,13171,559.0,0.0,20561.9
Caroline De Toni,14-20 MAR/24,https://twitter.com/user/status/1770209054998040961,19-03-2024,Twitter,Link,192,0.0023,83800.0,0.0,170,0.0,22.0,1734.44
Caroline De Toni,14-20 MAR/24,https://www.instagram.com/reel/C4tjZRfOZd6/,19-03-2024,Instagram,Reels,15792,0.0181,218295.0,0.0,15362,430.0,0.0,21457.97
Caroline De Toni,14-20 MAR/24,https://twitter.com/user/status/1770209052846346264,19-03-2024,Twitter,Vídeo,5726,0.0683,83800.0,0.0,4325,0.0,1401.0,11543.52
Caroline De Toni,14-20 MAR/24,https://twitter.com/user/status/1770577608008142985,20-03-2024,Twitter,Link,218,0.0026,83800.0,0.0,199,0.0,19.0,1751.52
Caroline De Toni,14-20 MAR/24,https://twitter.com/user/status/1770577604086518062,20-03-2024,Twitter,Foto,4576,0.0546,83800.0,0.0,3799,0.0,777.0,8472.58
Caroline De Toni,14-20 MAR/24,https://twitter.com/user/status/1770577606225637611,20-03-2024,Twitter,Link,206,0.0025,83800.0,0.0,191,0.0,15.0,1727.16
Caroline De Toni,14-20 MAR/24,https://www.instagram.com/p/C4wIbDlu5x0/,20-03-2024,Instagram,Foto,13388,0.0153,218522.0,0.0,12878,510.0,0.0,19942.86
Caroline De Toni,14-20 MAR/24,https://www.instagram.com/reel/C4v-iulPsNg/,20-03-2024,Instagram,Reels,4780,0.0055,218522.0,0.0,4400,380.0,0.0,11650.78
Caroline De Toni,14-20 MAR/24,https://twitter.com/user/status/1770518910174888119,20-03-2024,Twitter,Link,285,0.0034,83800.0,0.0,232,0.0,53.0,1923.23
Caroline De Toni,14-20 MAR/24,https://twitter.com/user/status/1770518911949083068,20-03-2024,Twitter,Link,207,0.0025,83800.0,0.0,177,0.0,30.0,1774.07
Caroline De Toni,14-20 MAR/24,https://twitter.com/user/status/1770518907175981227,20-03-2024,Twitter,Foto,4531,0.0541,83800.0,0.0,3464,0.0,1067.0,9314.53
Caroline De Toni,14-20 MAR/24,https://www.instagram.com/p/C4vwP9XOZ0w/,20-03-2024,Instagram,Foto,23171,0.0265,218522.0,0.0,21755,1416.0,0.0,34553.28
Caroline De Toni,14-20 MAR/24,https://twitter.com/user/status/1770489922010435827,20-03-2024,Twitter,Vídeo,3683,0.0438999999999999,83800.0,0.0,3103,0.0,580.0,6967.83
Caroline De Toni,14-20 MAR/24,https://www.instagram.com/reel/C4vdxA6u8E0/,20-03-2024,Instagram,Reels,9505,0.0109,218522.0,0.0,9245,260.0,0.0,14893.48
Caroline De Toni,14-20 MAR/24,https://www.instagram.com/reel/C4vSH-bONSC/,20-03-2024,Instagram,Reels,7074,0.0081,218522.0,0.0,6077,997.0,0.0,17843.9
Chris Tonietto,14-20 MAR/24,https://www.instagram.com/reel/C4gjl51JQ_7/,14-03-2024,Instagram,Reels,1141,0.0051,56054.0,0.0,1115,26.0,0.0,2426.48
Chris Tonietto,14-20 MAR/24,https://www.instagram.com/reel/C4lXAKlp1v_/,16-03-2024,Instagram,Reels,1909,0.0085,56054.0,0.0,1792,117.0,0.0,3709.4
Chris Tonietto,14-20 MAR/24,https://www.instagram.com/p/C4wG5iwJ1AF/,20-03-2024,Instagram,Carrossel,7484,0.0334,56054.0,0.0,7169,315.0,0.0,9858.22
Eduardo Bolsonaro,14-20 MAR/24,https://twitter.com/user/status/1768307004890644872,14-03-2024,Twitter,Link,40098,0.1481,270749.0,0.0,33759,0.0,6339.0,64656.09
Eduardo Bolsonaro,14-20 MAR/24,https://www.youtube.com/watch?v=VWZ6znyc1E8,14-03-2024,YouTube,Vídeo,27019,0.2809,0.0,96186.0,24845,2174.0,0.0,125465.28
Eduardo Bolsonaro,14-20 MAR/24,https://twitter.com/user/status/1768432379230871810,14-03-2024,Twitter,Link,16122,0.0595,270796.0,0.0,12281,0.0,3841.0,32797.27
Eduardo Bolsonaro,14-20 MAR/24,https://twitter.com/user/status/1768431186450276723,14-03-2024,Twitter,Texto,15104,0.0558,270796.0,0.0,13237,0.0,1867.0,25728.65
Eduardo Bolsonaro,14-20 MAR/24,https://www.instagram.com/reel/C4g3Z88r08W/,14-03-2024,Instagram,Reels,63065,0.0111,966894.0,0.0,58953,4112.0,0.0,104223.45
Eduardo Bolsonaro,14-20 MAR/24,https://twitter.com/user/status/1768281820481663466,14-03-2024,Twitter,Link,7200,0.0266,270749.0,0.0,5509,0.0,1691.0,17206.23
Eduardo Bolsonaro,14-20 MAR/24,https://www.instagram.com/p/C4gAoIuL0jX/,14-03-2024,Instagram,Foto,261730,0.046,966894.0,0.0,253851,7879.0,0.0,300841.63
Eduardo Bolsonaro,14-20 MAR/24,https://twitter.com/user/status/1768307236017680573,14-03-2024,Twitter,Link,11365,0.042,270749.0,0.0,9370,0.0,1995.0,22343.12
Eduardo Bolsonaro,14-20 MAR/24,https://twitter.com/user/status/1768334499966808099,14-03-2024,Twitter,Link,4456,0.0165,270749.0,0.0,3352,0.0,1104.0,12638.57
Eduardo Bolsonaro,14-20 MAR/24,https://twitter.com/user/status/1768341248543252596,14-03-2024,Twitter,Link,8703,0.0321,270749.0,0.0,7334,0.0,1369.0,17738.94
Eduardo Bolsonaro,14-20 MAR/24,https://twitter.com/user/status/1768814319435960676,15-03-2024,Twitter,Link,10772,0.0398,270823.0,0.0,9445,0.0,1327.0,19701.41
Eduardo Bolsonaro,14-20 MAR/24,https://www.instagram.com/reel/C4i1y9YrQoR/,15-03-2024,Instagram,Reels,82419,0.0144999999999999,966965.0,0.0,78128,4291.0,0.0,122093.86
Eduardo Bolsonaro,14-20 MAR/24,https://twitter.com/user/status/1768682506621006198,15-03-2024,Twitter,Foto,15029,0.0555,270796.0,0.0,13032,0.0,1997.0,26050.7
Eduardo Bolsonaro,14-20 MAR/24,https://twitter.com/user/status/1768651892156924109,15-03-2024,Twitter,Foto,5232,0.0192999999999999,270796.0,0.0,4293,0.0,939.0,12918.25
Eduardo Bolsonaro,14-20 MAR/24,https://twitter.com/user/status/1768649462660964510,15-03-2024,Twitter,Link,5594,0.0207,270796.0,0.0,4422,0.0,1172.0,13996.85
Eduardo Bolsonaro,14-20 MAR/24,https://twitter.com/user/status/1768570777748525474,15-03-2024,Twitter,Link,21176,0.0782,270796.0,0.0,16728,0.0,4448.0,39759.23
Eduardo Bolsonaro,14-20 MAR/24,https://www.instagram.com/p/C4mO2NNLJmE/,16-03-2024,Instagram,Foto,46450,0.0081999999999999,967108.0,0.0,42965,3485.0,0.0,85650.71
Eduardo Bolsonaro,14-20 MAR/24,https://www.instagram.com/p/C4l8i1ePris/,16-03-2024,Instagram,Foto,14133,0.0025,967036.0,0.0,13954,179.0,0.0,35243.42
Eduardo Bolsonaro,14-20 MAR/24,https://twitter.com/user/status/1769127415014469653,16-03-2024,Twitter,Foto,12647,0.0467,270823.0,0.0,10626,0.0,2021.0,23718.8
Eduardo Bolsonaro,14-20 MAR/24,https://twitter.com/user/status/1769126658089357823,16-03-2024,Twitter,Foto,1715,0.0063,270823.0,0.0,1495,0.0,220.0,7166.42
Eduardo Bolsonaro,14-20 MAR/24,https://twitter.com/user/status/1769118109648998882,16-03-2024,Twitter,Link,4664,0.0172,270823.0,0.0,3677,0.0,987.0,12491.93
Eduardo Bolsonaro,14-20 MAR/24,https://twitter.com/user/status/1769094001360068897,16-03-2024,Twitter,Foto,11013,0.0407,270823.0,0.0,9105,0.0,1908.0,21722.68
Eduardo Bolsonaro,14-20 MAR/24,https://www.youtube.com/watch?v=a3R3EzJrA3k,16-03-2024,YouTube,Vídeo,6415,0.3436,0.0,18671.0,5961,454.0,0.0,27551.08
Eduardo Bolsonaro,14-20 MAR/24,https://twitter.com/user/status/1769068549417443552,16-03-2024,Twitter,Foto,8160,0.0301,270823.0,0.0,6382,0.0,1778.0,18443.35
Eduardo Bolsonaro,14-20 MAR/24,https://twitter.com/user/status/1769066974888202574,16-03-2024,Twitter,Foto,23243,0.0858,270823.0,0.0,18386,0.0,4857.0,43098.92
Eduardo Bolsonaro,14-20 MAR/24,https://www.instagram.com/reel/C4lb8guRFPb/,16-03-2024,Instagram,Reels,79911,0.0139999999999999,967036.0,0.0,76579,3332.0,0.0,113379.02
Eduardo Bolsonaro,14-20 MAR/24,https://www.instagram.com/reel/C4kwhkvrYIG/,16-03-2024,Instagram,Reels,50669,0.0089,967036.0,0.0,46933,3736.0,0.0,90994.26
Eduardo Bolsonaro,14-20 MAR/24,https://twitter.com/user/status/1769512947405967714,17-03-2024,Twitter,Link,10178,0.0375999999999999,270850.0,0.0,8321,0.0,1857.0,20723.74
Eduardo Bolsonaro,14-20 MAR/24,https://twitter.com/user/status/1769476749824303253,17-03-2024,Twitter,Foto,20832,0.0768,270850.0,0.0,16065,0.0,4767.0,40368.68
Eduardo Bolsonaro,14-20 MAR/24,https://www.instagram.com/p/C4n-MZCLewn/,17-03-2024,Instagram,Carrossel,215525,0.0379,967108.0,0.0,208638,6887.0,0.0,254324.89
Eduardo Bolsonaro,14-20 MAR/24,https://twitter.com/user/status/1769382283012686229,17-03-2024,Twitter,Link,7414,0.0274,270850.0,0.0,6280,0.0,1134.0,15719.72
Eduardo Bolsonaro,14-20 MAR/24,https://www.instagram.com/reel/C4neB05r6TZ/,17-03-2024,Instagram,Reels,227660,0.04,967108.0,0.0,213466,14194.0,0.0,314740.87
Eduardo Bolsonaro,14-20 MAR/24,https://twitter.com/user/status/1769888916889354375,18-03-2024,Twitter,Link,3290,0.0121,270904.0,0.0,2674,0.0,616.0,9970.35
Eduardo Bolsonaro,14-20 MAR/24,https://twitter.com/user/status/1769829685850964165,18-03-2024,Twitter,Link,11334,0.0418,270877.0,0.0,8946,0.0,2388.0,23516.64
Eduardo Bolsonaro,14-20 MAR/24,https://www.instagram.com/p/C4q3E6PP8hU/,18-03-2024,Instagram,Foto,43977,0.0077,967179.0,0.0,41816,2161.0,0.0,74469.38
Eduardo Bolsonaro,14-20 MAR/24,https://www.youtube.com/watch?v=rl6-Ys1Bi-E,19-03-2024,YouTube,Vídeo,3563,0.4393999999999999,0.0,8109.0,3264,299.0,0.0,15208.11
Eduardo Bolsonaro,14-20 MAR/24,https://twitter.com/user/status/1770251654010392710,19-03-2024,Twitter,Foto,36934,0.1363,270931.0,0.0,28393,0.0,8541.0,68201.77
Eduardo Bolsonaro,14-20 MAR/24,https://twitter.com/user/status/1770246545763438894,19-03-2024,Twitter,Link,6471,0.0239,270931.0,0.0,5275,0.0,1196.0,14958.44
Eduardo Bolsonaro,14-20 MAR/24,https://www.instagram.com/reel/C4tzQ6YrvgD/,19-03-2024,Instagram,Reels,23988,0.0042,967322.0,0.0,23090,898.0,0.0,48643.15
Eduardo Bolsonaro,14-20 MAR/24,https://twitter.com/user/status/1770228063013372373,19-03-2024,Twitter,Foto,17645,0.0650999999999999,270904.0,0.0,14187,0.0,3458.0,33165.42
Eduardo Bolsonaro,14-20 MAR/24,https://www.instagram.com/p/C4trzgPr_wr/,19-03-2024,Instagram,Foto,9701,0.0112,967250.0,0.0,6592,3109.0,0.0,97917.94
Eduardo Bolsonaro,14-20 MAR/24,https://twitter.com/user/status/1770184543103754320,19-03-2024,Twitter,Link,5028,0.0186,270904.0,0.0,4313,0.0,715.0,12028.67
Eduardo Bolsonaro,14-20 MAR/24,https://www.instagram.com/reel/C4sohjnLRsP/,19-03-2024,Instagram,Reels,129589,0.0227999999999999,967250.0,0.0,113897,15692.0,0.0,240649.34
Eduardo Bolsonaro,14-20 MAR/24,https://twitter.com/user/status/1770073231220748581,19-03-2024,Twitter,Link,4409,0.0163,270904.0,0.0,3526,0.0,883.0,11917.56
Eduardo Bolsonaro,14-20 MAR/24,https://twitter.com/user/status/1770056647462748438,19-03-2024,Twitter,Link,10451,0.0385999999999999,270904.0,0.0,8102,0.0,2349.0,22505.94
Eduardo Bolsonaro,14-20 MAR/24,https://twitter.com/user/status/1770053344846864878,19-03-2024,Twitter,Link,11272,0.0416,270904.0,0.0,8341,0.0,2931.0,25116.07
Eduardo Bolsonaro,14-20 MAR/24,https://www.instagram.com/reel/C4scAbbLlnh/,19-03-2024,Instagram,Reels,27318,0.0048,967250.0,0.0,25336,1982.0,0.0,58919.88
Eduardo Bolsonaro,14-20 MAR/24,https://www.instagram.com/p/C4wYzNBL_9B/,20-03-2024,Instagram,Foto,26877,0.0046999999999999,967393.0,0.0,25732,1145.0,0.0,52818.78
Eduardo Bolsonaro,14-20 MAR/24,https://twitter.com/user/status/1770586123485565086,20-03-2024,Twitter,Link,2039,0.0075,270931.0,0.0,1668,0.0,371.0,7957.62
Eduardo Bolsonaro,14-20 MAR/24,https://twitter.com/user/status/1770579393523392803,20-03-2024,Twitter,Link,12238,0.0452,270931.0,0.0,9715,0.0,2523.0,24843.73
Eduardo Bolsonaro,14-20 MAR/24,https://twitter.com/user/status/1770579307607236777,20-03-2024,Twitter,Foto,9757,0.036,270931.0,0.0,8595,0.0,1162.0,18173.26
Eduardo Bolsonaro,14-20 MAR/24,https://www.instagram.com/reel/C4wHsBWvHP1/,20-03-2024,Instagram,Reels,105001,0.0185,967322.0,0.0,102075,2926.0,0.0,132185.85
Eduardo Bolsonaro,14-20 MAR/24,https://www.youtube.com/watch?v=-Oo5p-FnxCQ,20-03-2024,YouTube,Vídeo,8104,0.2651,0.0,30571.0,7598,506.0,0.0,36171.29
Eduardo Bolsonaro,14-20 MAR/24,https://www.instagram.com/reel/C4vp1ByLjp9/,20-03-2024,Instagram,Reels,152093,0.0266999999999999,967322.0,0.0,142357,9736.0,0.0,219265.37
Eduardo Bolsonaro,14-20 MAR/24,https://twitter.com/user/status/1770458169891766771,20-03-2024,Twitter,Link,3645,0.0135,270931.0,0.0,2967,0.0,678.0,10519.1
Eduardo Bolsonaro,14-20 MAR/24,https://twitter.com/user/status/1770419577471557738,20-03-2024,Twitter,Link,5079,0.0187,270931.0,0.0,3871,0.0,1208.0,13589.24
Gustavo Gayer,14-20 MAR/24,https://www.instagram.com/reel/C4f02WYO25A/,14-03-2024,Instagram,Reels,24804,0.0137,307951.0,0.0,23311,1493.0,0.0,38506.33
Gustavo Gayer,14-20 MAR/24,https://www.tiktok.com/@gusgayer/video/7346281360706800901,14-03-2024,TikTok,Vídeo,864,0.0224,0.0,6251.0,803,44.0,17.0,1816.9
Gustavo Gayer,14-20 MAR/24,https://www.instagram.com/reel/C4gSsJAOBA0/,14-03-2024,Instagram,Reels,6105,0.0034,307951.0,0.0,5904,201.0,0.0,13587.91
Gustavo Gayer,14-20 MAR/24,https://www.tiktok.com/@gusgayer/video/7346303509840612613,14-03-2024,TikTok,Vídeo,196,0.0363,0.0,5403.0,188,8.0,0.0,876.76
Gustavo Gayer,14-20 MAR/24,https://www.instagram.com/p/C4gjIzduO77/,14-03-2024,Instagram,Carrossel,13679,0.0076,307951.0,0.0,13241,438.0,0.0,21722.63
Gustavo Gayer,14-20 MAR/24,https://www.instagram.com/reel/C4i3uJKuyX_/,15-03-2024,Instagram,Reels,47693,0.0263,308340.0,0.0,46975,718.0,0.0,52898.67
Gustavo Gayer,14-20 MAR/24,https://www.instagram.com/reel/C4lN7ApuLU-/,16-03-2024,Instagram,Reels,18219,0.01,308729.0,0.0,17784,435.0,0.0,25624.1
Gustavo Gayer,14-20 MAR/24,https://www.instagram.com/reel/C4lY5SdscCc/,16-03-2024,Instagram,Reels,75593,0.0416,308729.0,0.0,72018,3575.0,0.0,96443.34
Gustavo Gayer,14-20 MAR/24,https://www.instagram.com/reel/C4mDn57Odsb/,16-03-2024,Instagram,Reels,50034,0.0275,309118.0,0.0,47424,2610.0,0.0,67870.8
Gustavo Gayer,14-20 MAR/24,https://www.tiktok.com/@gusgayer/video/7347426379232808198,17-03-2024,TikTok,Vídeo,27032,0.0693,0.0,390000.0,25600,862.0,570.0,75791.36
Gustavo Gayer,14-20 MAR/24,https://www.instagram.com/reel/C4oVWSbMPKg/,17-03-2024,Instagram,Reels,99808,0.0549,309118.0,0.0,95614,4194.0,0.0,121511.0
Gustavo Gayer,14-20 MAR/24,https://www.instagram.com/reel/C4qSiTEMJBM/,18-03-2024,Instagram,Reels,97757,0.0537,309507.0,0.0,94968,2789.0,0.0,110145.73
Gustavo Gayer,14-20 MAR/24,https://www.tiktok.com/@gusgayer/video/7347781978210536709,18-03-2024,TikTok,Vídeo,2018,0.1364,0.0,14800.0,1816,92.0,110.0,4118.88
Gustavo Gayer,14-20 MAR/24,https://www.youtube.com/watch?v=ZKDVBiUei5M,18-03-2024,YouTube,Vídeo,45566,0.256,0.0,177959.0,44040,1526.0,0.0,187033.23
Gustavo Gayer,14-20 MAR/24,https://www.instagram.com/reel/C4rXgv5svzH/,18-03-2024,Instagram,Reels,82652,0.0453,309896.0,0.0,73289,9363.0,0.0,142130.39
Gustavo Gayer,14-20 MAR/24,https://www.instagram.com/reel/C4tDKt6OZhq/,19-03-2024,Instagram,Reels,32798,0.018,309896.0,0.0,31646,1152.0,0.0,43092.71
Gustavo Gayer,14-20 MAR/24,https://www.instagram.com/reel/C4tJ8zuMqy8/,19-03-2024,Instagram,Reels,12374,0.0068,309896.0,0.0,12222,152.0,0.0,18688.07
Gustavo Gayer,14-20 MAR/24,https://www.tiktok.com/@gusgayer/video/7348151402092416262,19-03-2024,TikTok,Vídeo,1671,0.1077999999999999,0.0,15500.0,1544,72.0,55.0,3794.24
Gustavo Gayer,14-20 MAR/24,https://www.instagram.com/reel/C4tVlG8OkxL/,19-03-2024,Instagram,Reels,154209,0.0846,309896.0,0.0,143910,10299.0,0.0,210071.65
Gustavo Gayer,14-20 MAR/24,https://www.tiktok.com/@gusgayer/video/7348173940348439814,19-03-2024,TikTok,Vídeo,10844,0.1597,0.0,67900.0,9464,970.0,410.0,24910.08
Gustavo Gayer,14-20 MAR/24,https://www.instagram.com/reel/C4viWUKsjKY/,20-03-2024,Instagram,Reels,96815,0.053,310274.0,0.0,93170,3645.0,0.0,115208.0
Gustavo Gayer,14-20 MAR/24,https://www.instagram.com/p/C4v8luwORfU/,20-03-2024,Instagram,Carrossel,9655,0.0053,310274.0,0.0,9333,322.0,0.0,17521.08
Gustavo Gayer,14-20 MAR/24,https://www.instagram.com/reel/C4wMPkAOxhR/,20-03-2024,Instagram,Reels,38114,0.0209,310274.0,0.0,36433,1681.0,0.0,51291.38
Gustavo Gayer,14-20 MAR/24,https://www.instagram.com/p/C4wM_VFub_Y/,20-03-2024,Instagram,Foto,61592,0.0337,310274.0,0.0,58603,2989.0,0.0,80429.18
Gustavo Gayer,14-20 MAR/24,https://www.instagram.com/reel/C4wNkqUOH0m/,20-03-2024,Instagram,Reels,22655,0.0124,310274.0,0.0,22123,532.0,0.0,30137.48
Gustavo Gayer,14-20 MAR/24,https://www.instagram.com/reel/C4wk75NtgwH/,20-03-2024,Instagram,Reels,187571,0.1026,310652.0,0.0,180429,7142.0,0.0,217186.18
Josimar de Maranhãozinho,14-20 MAR/24,https://www.tiktok.com/@josimardemaranhaozinho/video/7346216074314059013,14-03-2024,TikTok,Vídeo,4,0.0214,0.0,187.0,3,0.0,1.0,24.9
Josimar de Maranhãozinho,14-20 MAR/24,https://www.instagram.com/reel/C4qo2j1O5bK/,18-03-2024,Instagram,Reels,109,0.0009,28807.0,0.0,109,0.0,0.0,745.07
Josimar de Maranhãozinho,14-20 MAR/24,https://www.instagram.com/reel/C4quEzAuZlN/,18-03-2024,Instagram,Reels,298,0.0026,28807.0,0.0,291,7.0,0.0,955.49
Josimar de Maranhãozinho,14-20 MAR/24,https://www.instagram.com/reel/C4qw42ZuWZo/,18-03-2024,Instagram,Reels,467,0.0040999999999999,28807.0,0.0,440,27.0,0.0,1237.63
Josimar de Maranhãozinho,14-20 MAR/24,https://www.instagram.com/p/C4q9-NDOKQJ/,18-03-2024,Instagram,Carrossel,669,0.0058,28807.0,0.0,652,17.0,0.0,1342.95
Josimar de Maranhãozinho,14-20 MAR/24,https://www.instagram.com/p/C4q_iY0uyS2/,18-03-2024,Instagram,Foto,283,0.0025,28807.0,0.0,259,24.0,0.0,1058.87
Josimar de Maranhãozinho,14-20 MAR/24,https://www.instagram.com/p/C4rKnUMOF4f/,18-03-2024,Instagram,Foto,176,0.0015,28807.0,0.0,173,3.0,0.0,823.21
Josimar de Maranhãozinho,14-20 MAR/24,https://www.instagram.com/p/C4wOjAEO7f4/,20-03-2024,Instagram,Foto,521,0.0045,28814.0,0.0,503,18.0,0.0,1222.66
Nikolas Ferreira,14-20 MAR/24,https://twitter.com/user/status/1768354248524275828,14-03-2024,Twitter,Link,16529,0.0524,315142.0,0.0,14361,0.0,2168.0,28868.57
Nikolas Ferreira,14-20 MAR/24,https://twitter.com/user/status/1768703531719025000,15-03-2024,Twitter,Texto,3411,0.0108,315377.0,0.0,3270,0.0,141.0,9420.9
Nikolas Ferreira,14-20 MAR/24,https://twitter.com/user/status/1768727313749815528,15-03-2024,Twitter,Link,37856,0.12,315377.0,0.0,32872,0.0,4984.0,59029.93
Nikolas Ferreira,14-20 MAR/24,https://twitter.com/user/status/1769388981563556114,17-03-2024,Twitter,Foto,30617,0.0969999999999999,315781.0,0.0,26378,0.0,4239.0,49445.94
Nikolas Ferreira,14-20 MAR/24,https://twitter.com/user/status/1769441432878674061,17-03-2024,Twitter,Link,24489,0.0776,315781.0,0.0,21030,0.0,3459.0,40869.86
Nikolas Ferreira,14-20 MAR/24,https://twitter.com/user/status/1769738593931551105,18-03-2024,Twitter,Foto,4458,0.0141,315949.0,0.0,3865,0.0,593.0,11871.54
Nikolas Ferreira,14-20 MAR/24,https://twitter.com/user/status/1769765368002707740,18-03-2024,Twitter,Foto,25214,0.0798,315949.0,0.0,22326,0.0,2888.0,39857.8
Nikolas Ferreira,14-20 MAR/24,https://twitter.com/user/status/1769766859740471537,18-03-2024,Twitter,Link,7583,0.024,315949.0,0.0,6800,0.0,783.0,15609.19
Nikolas Ferreira,14-20 MAR/24,https://twitter.com/user/status/1769767080591499555,18-03-2024,Twitter,Foto,25249,0.0799,315949.0,0.0,19873,0.0,5376.0,47506.43
Nikolas Ferreira,14-20 MAR/24,https://twitter.com/user/status/1769767141006332414,18-03-2024,Twitter,Texto,23519,0.0744,315949.0,0.0,20976,0.0,2543.0,37090.15
Nikolas Ferreira,14-20 MAR/24,https://twitter.com/user/status/1769774516203364778,18-03-2024,Twitter,Foto,19017,0.0602,315949.0,0.0,16366,0.0,2651.0,32873.61
Nikolas Ferreira,14-20 MAR/24,https://twitter.com/user/status/1769823969631158762,18-03-2024,Twitter,Link,31220,0.0988,315949.0,0.0,26992,0.0,4228.0,50024.26
Nikolas Ferreira,14-20 MAR/24,https://twitter.com/user/status/1769841566124814508,18-03-2024,Twitter,Texto,9491,0.03,315949.0,0.0,9177,0.0,314.0,16101.13
Nikolas Ferreira,14-20 MAR/24,https://twitter.com/user/status/1769905247349018932,18-03-2024,Twitter,Foto,4026,0.0127,316116.0,0.0,3639,0.0,387.0,10807.8
Nikolas Ferreira,14-20 MAR/24,https://twitter.com/user/status/1770095462311231507,19-03-2024,Twitter,Link,19075,0.0603,316116.0,0.0,16209,0.0,2866.0,33593.03
Nikolas Ferreira,14-20 MAR/24,https://twitter.com/user/status/1770107114737827922,19-03-2024,Twitter,Foto,32746,0.1036,316116.0,0.0,28537,0.0,4209.0,51510.32
Nikolas Ferreira,14-20 MAR/24,https://www.instagram.com/reel/C4t3nbbrO6X/,19-03-2024,Instagram,Reels,604461,0.0572,1795298.0,0.0,590807,13654.0,0.0,653821.51
Nikolas Ferreira,14-20 MAR/24,https://twitter.com/user/status/1770258406890148208,19-03-2024,Twitter,Foto,28666,0.0906,316284.0,0.0,23459,0.0,5207.0,50446.35
Nikolas Ferreira,14-20 MAR/24,https://www.tiktok.com/@nikolasferreiradm/video/7348247532100685062,19-03-2024,TikTok,Vídeo,26339,0.1202999999999999,0.0,218900.0,25500,509.0,330.0,51901.52
Nikolas Ferreira,14-20 MAR/24,https://twitter.com/user/status/1770471193180602879,20-03-2024,Twitter,Link,11479,0.0363,316284.0,0.0,9759,0.0,1720.0,22417.26
Nikolas Ferreira,14-20 MAR/24,https://twitter.com/user/status/1770471859340947788,20-03-2024,Twitter,Link,12536,0.0395999999999999,316284.0,0.0,11034,0.0,1502.0,22817.75
Nikolas Ferreira,14-20 MAR/24,https://twitter.com/user/status/1770472144381550743,20-03-2024,Twitter,Link,15643,0.0495,316284.0,0.0,13617,0.0,2026.0,27559.26
Nikolas Ferreira,14-20 MAR/24,https://www.youtube.com/watch?v=h8TyTfoHfFg,20-03-2024,YouTube,Vídeo,26043,0.1036999999999999,0.0,251120.0,24919,1124.0,0.0,159694.4
Nikolas Ferreira,14-20 MAR/24,https://www.instagram.com/reel/C4vpso4OQFP/,20-03-2024,Instagram,Reels,326053,0.0308999999999999,1795298.0,0.0,310380,15673.0,0.0,428200.59
Nikolas Ferreira,14-20 MAR/24,https://twitter.com/user/status/1770513281523855709,20-03-2024,Twitter,Foto,20293,0.0642,316284.0,0.0,16951,0.0,3342.0,36282.72
Nikolas Ferreira,14-20 MAR/24,https://twitter.com/user/status/1770521867465404472,20-03-2024,Twitter,Foto,31707,0.1002,316284.0,0.0,25895,0.0,5812.0,55369.06
Nikolas Ferreira,14-20 MAR/24,https://twitter.com/user/status/1770562101150367966,20-03-2024,Twitter,Texto,1115,0.0034999999999999,316284.0,0.0,1093,0.0,22.0,6753.74
Nikolas Ferreira,14-20 MAR/24,https://twitter.com/user/status/1770579398418215256,20-03-2024,Twitter,Link,42436,0.1341999999999999,316284.0,0.0,36212,0.0,6224.0,67466.07
Nikolas Ferreira,14-20 MAR/24,https://twitter.com/user/status/1770599110271291435,20-03-2024,Twitter,Link,13151,0.0416,316284.0,0.0,11263,0.0,1888.0,24620.06
Nikolas Ferreira,14-20 MAR/24,https://twitter.com/user/status/1770629437576433896,20-03-2024,Twitter,Link,20403,0.0645,316453.0,0.0,18719,0.0,1684.0,31323.31
Nikolas Ferreira,14-20 MAR/24,https://www.tiktok.com/@nikolasferreiradm/video/7348502089150008582,20-03-2024,TikTok,Vídeo,32873,0.1116,0.0,294600.0,31900,563.0,410.0,66734.64
Abilio Brunini,4-10 SET/24,https://www.instagram.com/reel/C_g02E5PSlv/,4-09-2024,Instagram,Reels,11975,0.0412999999999999,72517.0,0.0,11703,272.0,0.0,13798.59
Abilio Brunini,4-10 SET/24,https://www.instagram.com/reel/C_jks8KPZAm/,5-09-2024,Instagram,Reels,7526,0.0259,72573.0,0.0,7197,329.0,0.0,10363.6
Abilio Brunini,4-10 SET/24,https://www.instagram.com/reel/C_ktF-uOjqc/,6-09-2024,Instagram,Reels,3674,0.0127,72573.0,0.0,3409,265.0,0.0,6613.12
Abilio Brunini,4-10 SET/24,https://www.youtube.com/watch?v=JLjPDRFIykY,6-09-2024,YouTube,Vídeo,67,0.1402,0.0,478.0,62,5.0,0.0,408.74
Abilio Brunini,4-10 SET/24,https://www.instagram.com/reel/C_lPo8ru35t/,6-09-2024,Instagram,Reels,8501,0.0293,72573.0,0.0,7980,521.0,0.0,12515.38
Abilio Brunini,4-10 SET/24,https://www.instagram.com/reel/C_mVf7VMnBY/,6-09-2024,Instagram,Reels,1005,0.0034999999999999,72600.0,0.0,955,50.0,0.0,2847.79
Abilio Brunini,4-10 SET/24,https://www.instagram.com/reel/C_mX1s3MOYC/,6-09-2024,Instagram,Reels,2128,0.0073,72600.0,0.0,2032,96.0,0.0,4128.21
Abilio Brunini,4-10 SET/24,https://www.instagram.com/reel/C_oEppiv5Di/,7-09-2024,Instagram,Reels,4332,0.0149,72600.0,0.0,4159,173.0,0.0,6550.33
Abilio Brunini,4-10 SET/24,https://www.instagram.com/reel/C_ogh5kv0Lt/,7-09-2024,Instagram,Reels,5012,0.0173,72600.0,0.0,4928,84.0,0.0,6526.37
Abilio Brunini,4-10 SET/24,https://www.youtube.com/watch?v=twCbiSGxpYo,8-09-2024,YouTube,Vídeo,19,0.3333,0.0,57.0,15,4.0,0.0,126.03
Abilio Brunini,4-10 SET/24,https://www.youtube.com/watch?v=9KTeizYmB00,8-09-2024,YouTube,Vídeo,24,0.3157999999999999,0.0,76.0,20,4.0,0.0,153.74
Abilio Brunini,4-10 SET/24,https://www.instagram.com/reel/C_srRycuCnn/,9-09-2024,Instagram,Reels,1523,0.0052,72656.0,0.0,1446,77.0,0.0,3479.21
Abilio Brunini,4-10 SET/24,https://www.instagram.com/p/C_swLOtOWrj/,9-09-2024,Instagram,Foto,1128,0.0039,72656.0,0.0,1085,43.0,0.0,2906.95
Abilio Brunini,4-10 SET/24,https://www.instagram.com/reel/C_s9Ubdu0iN/,9-09-2024,Instagram,Reels,582,0.002,72656.0,0.0,532,50.0,0.0,2485.27
Abilio Brunini,4-10 SET/24,https://www.instagram.com/reel/C_tU8X_PYNK/,9-09-2024,Instagram,Reels,883,0.003,72656.0,0.0,835,48.0,0.0,2730.45
Abilio Brunini,4-10 SET/24,https://www.instagram.com/reel/C_tcskiv93s/,9-09-2024,Instagram,Reels,478,0.0016,72656.0,0.0,455,23.0,0.0,2211.15
Abilio Brunini,4-10 SET/24,https://www.instagram.com/reel/C_tvm7SPxCu/,9-09-2024,Instagram,Reels,3449,0.0118999999999999,72656.0,0.0,3321,128.0,0.0,5484.41
Abilio Brunini,4-10 SET/24,https://www.instagram.com/reel/C_t0OKtPhk1/,9-09-2024,Instagram,Reels,491,0.0017,72683.0,0.0,447,44.0,0.0,2366.58
Abilio Brunini,4-10 SET/24,https://www.instagram.com/reel/C_vbGhmucni/,10-09-2024,Instagram,Reels,525,0.0018,72683.0,0.0,489,36.0,0.0,2341.1
Abilio Brunini,4-10 SET/24,https://www.instagram.com/reel/C_vqjC9vbDe/,10-09-2024,Instagram,Reels,4088,0.0141,72683.0,0.0,3782,306.0,0.0,7252.08
Abilio Brunini,4-10 SET/24,https://www.instagram.com/reel/C_wGRPVP9Kt/,10-09-2024,Instagram,Reels,2730,0.0093999999999999,72683.0,0.0,2664,66.0,0.0,4442.6
Abilio Brunini,4-10 SET/24,https://www.instagram.com/reel/C_wY_glPrGy/,10-09-2024,Instagram,Reels,1418,0.0049,72711.0,0.0,1315,103.0,0.0,3568.0
Abilio Brunini,4-10 SET/24,https://www.youtube.com/watch?v=ZHH1rCquPaU,10-09-2024,YouTube,Vídeo,18,0.3157999999999999,0.0,57.0,15,3.0,0.0,102.84
André Fernandes,4-10 SET/24,https://www.instagram.com/reel/C_gznJ8Po-Y/,4-09-2024,Instagram,Reels,30358,0.0169,305323.0,0.0,22497,7861.0,0.0,86780.47
André Fernandes,4-10 SET/24,https://www.tiktok.com/@andrefernandes_br/video/7410976812181753093,4-09-2024,TikTok,Vídeo,4470,0.0144,0.0,310700.0,4015,405.0,50.0,44334.7
André Fernandes,4-10 SET/24,https://www.instagram.com/reel/C_inKEgRm3X/,5-09-2024,Instagram,Reels,57383,0.0319,305665.0,0.0,55568,1815.0,0.0,69920.91
André Fernandes,4-10 SET/24,https://www.tiktok.com/@andrefernandes_br/video/7411199165591506181,5-09-2024,TikTok,Vídeo,23858,0.0602,0.0,396000.0,18000,1084.0,4774.0,84201.76
André Fernandes,4-10 SET/24,https://www.instagram.com/reel/C_i3TY1PJRJ/,5-09-2024,Instagram,Reels,39970,0.0222,305665.0,0.0,38576,1394.0,0.0,52934.07
André Fernandes,4-10 SET/24,https://www.tiktok.com/@andrefernandes_br/video/7411224197097114886,5-09-2024,TikTok,Vídeo,10209,0.0364,0.0,280500.0,9816,186.0,207.0,52945.36
André Fernandes,4-10 SET/24,https://www.instagram.com/reel/C_jWUzVPqTH/,5-09-2024,Instagram,Reels,91493,0.0509,305665.0,0.0,85773,5720.0,0.0,137147.35
André Fernandes,4-10 SET/24,https://www.tiktok.com/@andrefernandes_br/video/7411303189175176454,5-09-2024,TikTok,Vídeo,534887,0.107,0.0,5000000.0,514900,6687.0,13300.0,1456810.16
André Fernandes,4-10 SET/24,https://www.instagram.com/reel/C_l9BhdPgb8/,6-09-2024,Instagram,Reels,30707,0.0171,306008.0,0.0,29810,897.0,0.0,44109.28
André Fernandes,4-10 SET/24,https://www.tiktok.com/@andrefernandes_br/video/7411668851756256517,6-09-2024,TikTok,Vídeo,14553,0.0550999999999999,0.0,264100.0,14100,307.0,146.0,59068.72
André Fernandes,4-10 SET/24,https://www.instagram.com/reel/C_n15HVxalH/,7-09-2024,Instagram,Reels,114258,0.0634,306351.0,0.0,110617,3641.0,0.0,148994.34
André Fernandes,4-10 SET/24,https://www.tiktok.com/@andrefernandes_br/video/7411940216040213766,7-09-2024,TikTok,Vídeo,54353,0.1076999999999999,0.0,504900.0,52700,713.0,940.0,141440.8
André Fernandes,4-10 SET/24,https://www.tiktok.com/@andrefernandes_br/video/7411992542704651526,7-09-2024,TikTok,Vídeo,4613,0.0301,0.0,153200.0,4364,79.0,170.0,34191.38
André Fernandes,4-10 SET/24,https://www.instagram.com/reel/C_oUtTDvb7b/,7-09-2024,Instagram,Reels,53183,0.0295,306351.0,0.0,52110,1073.0,0.0,76859.9
André Fernandes,4-10 SET/24,https://www.tiktok.com/@andrefernandes_br/video/7412010350289145093,7-09-2024,TikTok,Vídeo,2415,0.1139,0.0,21200.0,2307,86.0,22.0,5233.82
André Fernandes,4-10 SET/24,https://www.tiktok.com/@andrefernandes_br/video/7412235525655940358,8-09-2024,TikTok,Vídeo,10205,0.0593,0.0,172000.0,9648,216.0,341.0,54148.56
André Fernandes,4-10 SET/24,https://www.tiktok.com/@andrefernandes_br/video/7412341834829008134,8-09-2024,TikTok,Vídeo,51969,0.0867,0.0,599700.0,51400,316.0,253.0,169097.28
André Fernandes,4-10 SET/24,https://www.tiktok.com/@andrefernandes_br/video/7412389049056431365,8-09-2024,TikTok,Vídeo,341018,0.0897,0.0,3800000.0,331200,2808.0,7010.0,1061432.16
André Fernandes,4-10 SET/24,https://www.instagram.com/reel/C_q4YhgPN4Q/,8-09-2024,Instagram,Reels,106477,0.059,306693.0,0.0,102794,3683.0,0.0,123696.27
André Fernandes,4-10 SET/24,https://www.instagram.com/reel/C_qiP-dPXt4/,8-09-2024,Instagram,Reels,62429,0.0346,306693.0,0.0,61277,1152.0,0.0,68502.95
André Fernandes,4-10 SET/24,https://www.instagram.com/reel/C_p5vKAx_Di/,8-09-2024,Instagram,Reels,78419,0.0435,306693.0,0.0,76929,1490.0,0.0,84566.27
André Fernandes,4-10 SET/24,https://www.tiktok.com/@andrefernandes_br/video/7412598785752206598,9-09-2024,TikTok,Vídeo,76157,0.1054,0.0,722500.0,73200,1120.0,1837.0,157117.6
André Fernandes,4-10 SET/24,https://www.youtube.com/watch?v=C0sOHSF5r1U,9-09-2024,YouTube,Vídeo,452,0.2167,0.0,2086.0,424,28.0,0.0,2140.06
André Fernandes,4-10 SET/24,https://www.instagram.com/p/C_tG5SZPU4T/,9-09-2024,Instagram,Carrossel,34191,0.0189,307451.0,0.0,33662,529.0,0.0,39974.09
André Fernandes,4-10 SET/24,https://www.instagram.com/p/C_tGRMavJEw/,9-09-2024,Instagram,Carrossel,38729,0.0214,307451.0,0.0,37871,858.0,0.0,46127.13
André Fernandes,4-10 SET/24,https://www.instagram.com/reel/C_sbJJTRxYI/,9-09-2024,Instagram,Reels,84440,0.0467,307451.0,0.0,80737,3703.0,0.0,104898.39
André Fernandes,4-10 SET/24,https://www.tiktok.com/@andrefernandes_br/video/7413175835466665222,10-09-2024,TikTok,Vídeo,10769,0.053,0.0,203100.0,10400,202.0,167.0,34774.56
André Fernandes,4-10 SET/24,https://www.tiktok.com/@andrefernandes_br/video/7413196001629965574,10-09-2024,TikTok,Vídeo,44982,0.0883999999999999,0.0,508800.0,43900,540.0,542.0,102065.2
André Fernandes,4-10 SET/24,https://www.tiktok.com/@andrefernandes_br/video/7413205276997815557,10-09-2024,TikTok,Vídeo,197758,0.1041,0.0,1900000.0,192800,1723.0,3235.0,402085.44
André Fernandes,4-10 SET/24,https://www.instagram.com/reel/C_wZ52SPwZz/,10-09-2024,Instagram,Reels,76969,0.0423,308966.0,0.0,74701,2268.0,0.0,88692.18
André Fernandes,4-10 SET/24,https://www.instagram.com/reel/C_wjsmZPyan/,10-09-2024,Instagram,Reels,55468,0.0305,308966.0,0.0,53806,1662.0,0.0,66056.28
André Fernandes,4-10 SET/24,https://www.instagram.com/reel/C_woB2IRVGI/,10-09-2024,Instagram,Reels,65352,0.036,308966.0,0.0,62913,2439.0,0.0,79871.2
Antonio Carlos Rodrigues,4-10 SET/24,https://www.instagram.com/p/C_gCMA1vyLF/,4-09-2024,Instagram,Foto,58,0.0015,9694.0,0.0,47,11.0,0.0,344.3
Antonio Carlos Rodrigues,4-10 SET/24,https://www.instagram.com/p/C_ibb0juPld/,5-09-2024,Instagram,Foto,143,0.0037,9656.0,0.0,129,14.0,0.0,437.06
Antonio Carlos Rodrigues,4-10 SET/24,https://www.instagram.com/reel/C_mQdWMsbF8/,6-09-2024,Instagram,Reels,374,0.0098,9581.0,0.0,336,38.0,0.0,798.19
Antonio Carlos Rodrigues,4-10 SET/24,https://www.instagram.com/p/C_ngkpQuUaK/,7-09-2024,Instagram,Foto,242,0.0063,9581.0,0.0,220,22.0,0.0,575.23
Bia Kicis,4-10 SET/24,https://www.instagram.com/p/C_fbMDfNrbm/,4-09-2024,Instagram,Foto,39690,0.0196,242945.0,0.0,39182,508.0,0.0,45384.72
Bia Kicis,4-10 SET/24,https://www.instagram.com/reel/C_fxaUjJxQA/,4-09-2024,Instagram,Reels,62023,0.0306999999999999,343945.0,0.0,56969,5054.0,0.0,95685.74
Bia Kicis,4-10 SET/24,https://www.instagram.com/p/C_gF6e5MSPS/,4-09-2024,Instagram,Foto,16437,0.0081,343945.0,0.0,15634,803.0,0.0,27404.94
Bia Kicis,4-10 SET/24,https://www.instagram.com/reel/C_ga7b6pslV/,4-09-2024,Instagram,Reels,70348,0.0348,343945.0,0.0,57848,12500.0,0.0,153775.88
Bia Kicis,4-10 SET/24,https://www.youtube.com/watch?v=THqrLXGxmHw,4-09-2024,YouTube,Vídeo,743,0.1914,0.0,3882.0,680,63.0,0.0,3903.44
Bia Kicis,4-10 SET/24,https://www.instagram.com/reel/C_guZ6zp5TR/,4-09-2024,Instagram,Reels,156075,0.0771,343945.0,0.0,149417,6658.0,0.0,187541.82
Bia Kicis,4-10 SET/24,https://www.instagram.com/reel/C_hFmlmp3Cn/,4-09-2024,Instagram,Reels,161073,0.0796,344026.0,0.0,154873,6200.0,0.0,188709.21
Bia Kicis,4-10 SET/24,https://www.instagram.com/reel/C_iCtt7p6_f/,5-09-2024,Instagram,Reels,47270,0.0233999999999999,344026.0,0.0,45790,1480.0,0.0,58553.83
Bia Kicis,4-10 SET/24,https://www.instagram.com/p/C_iVCJeMZHI/,5-09-2024,Instagram,Foto,35840,0.0177,344026.0,0.0,32475,3365.0,0.0,61617.43
Bia Kicis,4-10 SET/24,https://www.instagram.com/reel/C_ip1wPpZf6/,5-09-2024,Instagram,Reels,12287,0.0060999999999999,344026.0,0.0,11942,345.0,0.0,20705.05
Bia Kicis,4-10 SET/24,https://www.instagram.com/p/C_jBA27pfrU/,5-09-2024,Instagram,Foto,73841,0.0365,344026.0,0.0,61029,12812.0,0.0,158915.77
Bia Kicis,4-10 SET/24,https://www.instagram.com/p/C_jTuxzpLu7/,5-09-2024,Instagram,Foto,28854,0.0143,344026.0,0.0,26817,2037.0,0.0,46525.95
Bia Kicis,4-10 SET/24,https://www.instagram.com/reel/C_jnwGVplzA/,5-09-2024,Instagram,Reels,70631,0.0349,344107.0,0.0,69040,1591.0,0.0,79405.36
Bia Kicis,4-10 SET/24,https://www.instagram.com/reel/C_j0g-COPZU/,5-09-2024,Instagram,Reels,6390,0.0032,344107.0,0.0,6303,87.0,0.0,12870.74
Bia Kicis,4-10 SET/24,https://www.instagram.com/p/C_kmY4Lt0gP/,6-09-2024,Instagram,Foto,78801,0.0389,344107.0,0.0,73119,5682.0,0.0,114414.0
Bia Kicis,4-10 SET/24,https://www.instagram.com/reel/C_k5z3JJPJV/,6-09-2024,Instagram,Reels,6361,0.0031,344107.0,0.0,6291,70.0,0.0,13729.52
Bia Kicis,4-10 SET/24,https://www.instagram.com/p/C_lPNEovCiE/,6-09-2024,Instagram,Foto,51408,0.0254,344107.0,0.0,48086,3322.0,0.0,74713.62
Bia Kicis,4-10 SET/24,https://www.youtube.com/watch?v=xRxsl6qyoS0,6-09-2024,YouTube,Vídeo,399,0.1776,0.0,2247.0,379,20.0,0.0,1957.36
Bia Kicis,4-10 SET/24,https://www.instagram.com/reel/C_liTrlpaGl/,6-09-2024,Instagram,Reels,47034,0.0232,344107.0,0.0,46051,983.0,0.0,54953.22
Bia Kicis,4-10 SET/24,https://www.instagram.com/reel/C_ltswnJfpd/,6-09-2024,Instagram,Reels,189542,0.0935999999999999,344107.0,0.0,150126,39416.0,0.0,440391.82
Bia Kicis,4-10 SET/24,https://www.instagram.com/p/C_l656SJ1gZ/,6-09-2024,Instagram,Foto,22986,0.0113999999999999,344107.0,0.0,21650,1336.0,0.0,36686.46
Bia Kicis,4-10 SET/24,https://www.instagram.com/reel/C_mFT-_s4k9/,6-09-2024,Instagram,Reels,52761,0.0260999999999999,344188.0,0.0,49988,2773.0,0.0,72123.87
Bia Kicis,4-10 SET/24,https://www.instagram.com/reel/C_mYIAAP8wp/,6-09-2024,Instagram,Reels,12879,0.0064,344188.0,0.0,12750,129.0,0.0,19740.39
Bia Kicis,4-10 SET/24,https://www.instagram.com/reel/C_mRfeKpD64/,7-09-2024,Instagram,Reels,9605,0.0046999999999999,344188.0,0.0,9504,101.0,0.0,16733.23
Bia Kicis,4-10 SET/24,https://www.instagram.com/reel/C_nKADkvCa-/,7-09-2024,Instagram,Reels,39087,0.0192999999999999,344188.0,0.0,38017,1070.0,0.0,48715.71
Bia Kicis,4-10 SET/24,https://www.instagram.com/p/C_nd5wHMgVC/,7-09-2024,Instagram,Foto,51116,0.0252,344188.0,0.0,47057,4059.0,0.0,79505.41
Bia Kicis,4-10 SET/24,https://www.instagram.com/reel/C_ny5wAt2FS/,7-09-2024,Instagram,Reels,84410,0.0417,344188.0,0.0,81854,2556.0,0.0,97857.73
Bia Kicis,4-10 SET/24,https://www.instagram.com/reel/C_n06xspTte/,7-09-2024,Instagram,Reels,94350,0.0466,344188.0,0.0,91840,2510.0,0.0,106091.49
Bia Kicis,4-10 SET/24,https://www.instagram.com/reel/C_n2PRYJ5ox/,7-09-2024,Instagram,Reels,45548,0.0225,344188.0,0.0,44327,1221.0,0.0,55305.01
Bia Kicis,4-10 SET/24,https://www.instagram.com/reel/C_oJV46xBqJ/,7-09-2024,Instagram,Reels,58109,0.0287,344188.0,0.0,57075,1034.0,0.0,64828.39
Bia Kicis,4-10 SET/24,https://www.youtube.com/watch?v=ZTeCD1O0cqc,7-09-2024,YouTube,Vídeo,854,0.3985,0.0,2143.0,772,82.0,0.0,3854.71
Bia Kicis,4-10 SET/24,https://www.instagram.com/reel/C_odvKVvs4Z/,7-09-2024,Instagram,Reels,87154,0.043,344188.0,0.0,85435,1719.0,0.0,94492.49
Bia Kicis,4-10 SET/24,https://www.instagram.com/p/C_ooUH1sHP9/,7-09-2024,Instagram,Carrossel,59927,0.0296,344188.0,0.0,59364,563.0,0.0,63170.23
Bia Kicis,4-10 SET/24,https://www.instagram.com/reel/C_oxJABsFfT/,7-09-2024,Instagram,Reels,24876,0.0123,344269.0,0.0,24540,336.0,0.0,31475.52
Bia Kicis,4-10 SET/24,https://www.instagram.com/p/C_o7NPexJIe/,7-09-2024,Instagram,Carrossel,105314,0.052,344269.0,0.0,104196,1118.0,0.0,106001.08
Bia Kicis,4-10 SET/24,https://www.instagram.com/reel/C_puuHEtz02/,8-09-2024,Instagram,Reels,48138,0.0237999999999999,344269.0,0.0,47008,1130.0,0.0,56911.8
Bia Kicis,4-10 SET/24,https://www.instagram.com/p/C_qEPxDtZg2/,8-09-2024,Instagram,Foto,72487,0.0358,344269.0,0.0,68817,3670.0,0.0,95225.54
Bia Kicis,4-10 SET/24,https://www.instagram.com/reel/C_qXzz0NY0_/,8-09-2024,Instagram,Reels,20067,0.0098999999999999,344269.0,0.0,19716,351.0,0.0,27442.38
Bia Kicis,4-10 SET/24,https://www.instagram.com/reel/C_qul_CJMLs/,8-09-2024,Instagram,Reels,36238,0.0179,344269.0,0.0,35606,632.0,0.0,43271.48
Bia Kicis,4-10 SET/24,https://twitter.com/user/status/1832874094112477673,8-09-2024,Twitter,Link,1718,0.0072,238294.0,0.0,1464,0.0,254.0,6701.63
Bia Kicis,4-10 SET/24,https://www.instagram.com/p/C_rCrf7J4SO/,8-09-2024,Instagram,Foto,47746,0.0236,344269.0,0.0,45515,2231.0,0.0,64105.52
Bia Kicis,4-10 SET/24,https://www.instagram.com/reel/C_rWdyEpyQJ/,8-09-2024,Instagram,Reels,86468,0.0426999999999999,344350.0,0.0,84222,2246.0,0.0,97510.87
Bia Kicis,4-10 SET/24,https://www.youtube.com/watch?v=TzT8Sf3toZs,8-09-2024,YouTube,Vídeo,179,0.341,0.0,525.0,170,9.0,0.0,719.09
Bia Kicis,4-10 SET/24,https://www.instagram.com/reel/C_sUUatu1F8/,9-09-2024,Instagram,Reels,37095,0.0183,344350.0,0.0,36355,740.0,0.0,44749.05
Bia Kicis,4-10 SET/24,https://www.instagram.com/reel/C_spcnipdzS/,9-09-2024,Instagram,Reels,129085,0.0637,344350.0,0.0,114987,14098.0,0.0,215299.17
Bia Kicis,4-10 SET/24,https://www.instagram.com/p/C_s9zPBvFPJ/,9-09-2024,Instagram,Foto,25034,0.0124,344350.0,0.0,24418,616.0,0.0,33528.43
Bia Kicis,4-10 SET/24,https://www.instagram.com/reel/C_tKbxzJh4k/,9-09-2024,Instagram,Reels,35008,0.0173,344350.0,0.0,34159,849.0,0.0,43699.79
Bia Kicis,4-10 SET/24,https://www.instagram.com/reel/C_tYi1pp53D/,9-09-2024,Instagram,Reels,38453,0.019,344350.0,0.0,37011,1442.0,0.0,50718.61
Bia Kicis,4-10 SET/24,https://www.youtube.com/watch?v=ICwOoNoTBIY,9-09-2024,YouTube,Vídeo,587,0.3621,1621.0,0.0,530,57.0,0.0,2707.25
Bia Kicis,4-10 SET/24,https://www.instagram.com/reel/C_tm7z_J5iE/,9-09-2024,Instagram,Reels,77580,0.0383,344350.0,0.0,74788,2792.0,0.0,93601.83
Bia Kicis,4-10 SET/24,https://www.instagram.com/p/C_t9BMoJ98v/,9-09-2024,Instagram,Foto,37131,0.0183,344431.0,0.0,33215,3916.0,0.0,66505.68
Bia Kicis,4-10 SET/24,https://www.instagram.com/p/C_u4EWrtL-9/,10-09-2024,Instagram,Foto,62252,0.0306999999999999,344431.0,0.0,61033,1219.0,0.0,69662.26
Bia Kicis,4-10 SET/24,https://www.instagram.com/p/C_vNzYktT1L/,10-09-2024,Instagram,Foto,121485,0.06,344431.0,0.0,119565,1920.0,0.0,125397.48
Bia Kicis,4-10 SET/24,https://www.instagram.com/reel/C_ve4zIpoCP/,10-09-2024,Instagram,Reels,22543,0.0111,344431.0,0.0,22047,496.0,0.0,30567.2
Bia Kicis,4-10 SET/24,https://www.instagram.com/p/C_vxJhcJveL/,10-09-2024,Instagram,Foto,42345,0.0209,344431.0,0.0,41322,1023.0,0.0,51201.6
Bia Kicis,4-10 SET/24,https://www.youtube.com/watch?v=Dv6iyUvndDQ,10-09-2024,YouTube,Vídeo,878,0.0675,13008.0,0.0,844,34.0,0.0,6828.88
Bia Kicis,4-10 SET/24,https://www.instagram.com/p/C_wBNyFp6Hr/,10-09-2024,Instagram,Foto,18204,0.009,344431.0,0.0,16927,1277.0,0.0,32177.7
Bia Kicis,4-10 SET/24,https://www.instagram.com/reel/C_wgb9kJcEL/,10-09-2024,Instagram,Reels,54746,0.027,344512.0,0.0,53527,1219.0,0.0,63208.94
Caroline De Toni,4-10 SET/24,https://www.instagram.com/p/C_gkjcOyUHw/,4-09-2024,Instagram,Foto,26710,0.0286,233372.0,0.0,25522,1188.0,0.0,36373.06
Caroline De Toni,4-10 SET/24,https://www.instagram.com/reel/C_iLk6iOvDF/,5-09-2024,Instagram,Reels,23179,0.0248,233467.0,0.0,22305,874.0,0.0,31190.79
Caroline De Toni,4-10 SET/24,https://www.instagram.com/p/C_iijfcuMbE/,5-09-2024,Instagram,Carrossel,22051,0.0236,233467.0,0.0,21662,389.0,0.0,26903.31
Caroline De Toni,4-10 SET/24,https://www.instagram.com/p/C_i6liMvHAI/,5-09-2024,Instagram,Foto,20541,0.022,233467.0,0.0,20093,448.0,0.0,26008.27
Caroline De Toni,4-10 SET/24,https://www.instagram.com/p/C_k6RRpupjX/,6-09-2024,Instagram,Foto,18222,0.0195,233562.0,0.0,17163,1059.0,0.0,28195.32
Caroline De Toni,4-10 SET/24,https://www.instagram.com/p/C_lcIRnvYgC/,6-09-2024,Instagram,Foto,17756,0.019,233562.0,0.0,17157,599.0,0.0,24648.16
Caroline De Toni,4-10 SET/24,https://www.instagram.com/p/C_lwfYWSyP_/,6-09-2024,Instagram,Foto,49101,0.0526,233562.0,0.0,46706,2395.0,0.0,63889.5
Caroline De Toni,4-10 SET/24,https://www.instagram.com/p/C_l4yGtSHZt/,6-09-2024,Instagram,Foto,53618,0.0574,233562.0,0.0,50494,3124.0,0.0,72760.48
Caroline De Toni,4-10 SET/24,https://www.instagram.com/reel/C_mJbQuM29m/,6-09-2024,Instagram,Reels,15684,0.0168,233656.0,0.0,15408,276.0,0.0,20659.04
Caroline De Toni,4-10 SET/24,https://www.instagram.com/p/C_nVbNtO8Ok/,7-09-2024,Instagram,Foto,45824,0.049,233656.0,0.0,45165,659.0,0.0,49199.16
Caroline De Toni,4-10 SET/24,https://www.instagram.com/reel/C_n9C4POdPH/,7-09-2024,Instagram,Reels,10424,0.0112,233656.0,0.0,10208,216.0,0.0,15725.04
Caroline De Toni,4-10 SET/24,https://www.instagram.com/reel/C_oCYf1vf7V/,7-09-2024,Instagram,Reels,40621,0.0435,233656.0,0.0,39230,1391.0,0.0,49731.46
Caroline De Toni,4-10 SET/24,https://www.instagram.com/reel/C_ossFvMRQ7/,7-09-2024,Instagram,Reels,153596,0.1643,233751.0,0.0,149761,3835.0,0.0,163609.07
Caroline De Toni,4-10 SET/24,https://www.tiktok.com/@carol_detoni/video/7413096220064746758,10-09-2024,TikTok,Vídeo,6697,0.1644999999999999,0.0,40700.0,6178,402.0,117.0,13680.52
Chris Tonietto,4-10 SET/24,https://www.instagram.com/reel/C_gEJtFtv85/,4-09-2024,Instagram,Reels,3328,0.0149,55915.0,0.0,3218,110.0,0.0,4878.72
Chris Tonietto,4-10 SET/24,https://www.instagram.com/p/C_oEhyOJJbD/,7-09-2024,Instagram,Foto,3215,0.0144,55895.0,0.0,3196,19.0,0.0,4158.65
Eduardo Bolsonaro,4-10 SET/24,https://www.instagram.com/p/C_feVjnR1W4/,4-09-2024,Instagram,Foto,81872,0.0139,998555.0,0.0,74602,7270.0,0.0,142714.05
Eduardo Bolsonaro,4-10 SET/24,https://www.instagram.com/reel/C_fpMLOx6iP/,4-09-2024,Instagram,Reels,184828,0.0315,998555.0,0.0,168749,16079.0,0.0,291509.77
Eduardo Bolsonaro,4-10 SET/24,https://www.instagram.com/reel/C_gBRcnRGiU/,4-09-2024,Instagram,Reels,123547,0.021,998555.0,0.0,121027,2520.0,0.0,146064.55
Eduardo Bolsonaro,4-10 SET/24,https://twitter.com/user/status/1831789943829750257,5-09-2024,Twitter,Vídeo,9797,0.0331,295962.0,0.0,8111,0.0,1686.0,20257.14
Eduardo Bolsonaro,4-10 SET/24,https://www.instagram.com/reel/C_jK3_CPpKM/,5-09-2024,Instagram,Reels,106955,0.0182,999104.0,0.0,103491,3464.0,0.0,138264.8
Eduardo Bolsonaro,4-10 SET/24,https://www.instagram.com/reel/C_jV9YIPDgf/,5-09-2024,Instagram,Reels,72972,0.0124,999104.0,0.0,71886,1086.0,0.0,92773.9
Eduardo Bolsonaro,4-10 SET/24,https://twitter.com/user/status/1832057906117623847,6-09-2024,Twitter,Vídeo,8337,0.0282,295978.0,0.0,6784,0.0,1553.0,18375.84
Eduardo Bolsonaro,4-10 SET/24,https://twitter.com/user/status/1832058119834468728,6-09-2024,Twitter,Link,674,0.0023,295978.0,0.0,555,0.0,119.0,6248.17
Eduardo Bolsonaro,4-10 SET/24,https://twitter.com/user/status/1832067889643331806,6-09-2024,Twitter,Link,5071,0.0171,295978.0,0.0,3991,0.0,1080.0,13629.8
Eduardo Bolsonaro,4-10 SET/24,https://twitter.com/user/status/1832068322822672632,6-09-2024,Twitter,Texto,370,0.0013,295978.0,0.0,336,0.0,34.0,5681.03
Eduardo Bolsonaro,4-10 SET/24,https://twitter.com/user/status/1832069047703203888,6-09-2024,Twitter,Link,3478,0.0118,295978.0,0.0,2687,0.0,791.0,11136.53
Eduardo Bolsonaro,4-10 SET/24,https://twitter.com/user/status/1832071701548482845,6-09-2024,Twitter,Link,162,0.0005,295978.0,0.0,138,0.0,24.0,5440.35
Eduardo Bolsonaro,4-10 SET/24,https://www.instagram.com/p/C_lIg2ARLAW/,6-09-2024,Instagram,Carrossel,51660,0.0088,999654.0,0.0,50719,941.0,0.0,73466.22
Eduardo Bolsonaro,4-10 SET/24,https://twitter.com/user/status/1832073913402097849,6-09-2024,Twitter,Foto,5216,0.0176,295978.0,0.0,4217,0.0,999.0,13528.39
Eduardo Bolsonaro,4-10 SET/24,https://twitter.com/user/status/1832074375433994410,6-09-2024,Twitter,Foto,1701,0.0056999999999999,295978.0,0.0,1416,0.0,285.0,7793.4
Eduardo Bolsonaro,4-10 SET/24,https://www.instagram.com/reel/C_mTPBqR_M0/,6-09-2024,Instagram,Reels,9046,0.0015,1000204.0,0.0,8818,228.0,0.0,31952.69
Eduardo Bolsonaro,4-10 SET/24,https://www.instagram.com/reel/C_ngDH5xXgt/,7-09-2024,Instagram,Reels,136556,0.0232,1000204.0,0.0,119324,17232.0,0.0,257919.65
Eduardo Bolsonaro,4-10 SET/24,https://www.instagram.com/reel/C_n9DYwvZAh/,7-09-2024,Instagram,Reels,344596,0.0586,1000204.0,0.0,336339,8257.0,0.0,375445.05
Eduardo Bolsonaro,4-10 SET/24,https://www.youtube.com/watch?v=uMl9npzNLkU,7-09-2024,YouTube,Vídeo,7858,0.3087,0.0,25457.0,7255,603.0,0.0,35254.84
Eduardo Bolsonaro,4-10 SET/24,https://www.instagram.com/reel/C_oJwSsvFVH/,7-09-2024,Instagram,Reels,467110,0.0794,1000204.0,0.0,450429,16681.0,0.0,528427.25
Eduardo Bolsonaro,4-10 SET/24,https://www.youtube.com/watch?v=eGf5I-RIFY8,7-09-2024,YouTube,Vídeo,8571,0.2611,0.0,32826.0,7598,973.0,0.0,44508.86
Eduardo Bolsonaro,4-10 SET/24,https://www.instagram.com/reel/C_omPY3PeSY/,7-09-2024,Instagram,Reels,160245,0.0272,1000204.0,0.0,156387,3858.0,0.0,186814.03
Eduardo Bolsonaro,4-10 SET/24,https://twitter.com/user/status/1832566388981932311,7-09-2024,Twitter,Foto,7927,0.0268,295994.0,0.0,6745,0.0,1182.0,16826.76
Eduardo Bolsonaro,4-10 SET/24,https://twitter.com/user/status/1832566735091761273,7-09-2024,Twitter,Texto,807,0.0027,295994.0,0.0,733,0.0,74.0,6245.08
Eduardo Bolsonaro,4-10 SET/24,https://twitter.com/user/status/1832569680302592319,7-09-2024,Twitter,Vídeo,4248,0.0144,296010.0,0.0,3477,0.0,771.0,11853.6
Eduardo Bolsonaro,4-10 SET/24,https://twitter.com/user/status/1832569904924377235,7-09-2024,Twitter,Foto,8656,0.0292,296010.0,0.0,7488,0.0,1168.0,17520.5
Eduardo Bolsonaro,4-10 SET/24,https://twitter.com/user/status/1832570456018448448,7-09-2024,Twitter,Foto,5920,0.02,296010.0,0.0,4892,0.0,1028.0,14328.74
Eduardo Bolsonaro,4-10 SET/24,https://twitter.com/user/status/1832573074044063938,7-09-2024,Twitter,Vídeo,18395,0.0621,296010.0,0.0,15168,0.0,3227.0,33657.43
Eduardo Bolsonaro,4-10 SET/24,https://twitter.com/user/status/1832573697569300541,7-09-2024,Twitter,Vídeo,6244,0.0210999999999999,296010.0,0.0,4998,0.0,1246.0,15323.06
Eduardo Bolsonaro,4-10 SET/24,https://www.youtube.com/watch?v=8TaA2Yj_HPE,7-09-2024,YouTube,Vídeo,7713,0.2453999999999999,0.0,31434.0,7066,647.0,0.0,37498.54
Eduardo Bolsonaro,4-10 SET/24,https://twitter.com/user/status/1832613100433858880,7-09-2024,Twitter,Link,1997,0.0067,296010.0,0.0,1675,0.0,322.0,8206.15
Eduardo Bolsonaro,4-10 SET/24,https://twitter.com/user/status/1832614397325258875,7-09-2024,Twitter,Foto,5906,0.02,296010.0,0.0,4818,0.0,1088.0,14498.2
Eduardo Bolsonaro,4-10 SET/24,https://www.instagram.com/reel/C_rLjh7PkLY/,8-09-2024,Instagram,Reels,44400,0.0075,1000877.0,0.0,43202,1198.0,0.0,69008.15
Eduardo Bolsonaro,4-10 SET/24,https://twitter.com/user/status/1832932475741278295,8-09-2024,Twitter,Foto,1732,0.0059,296027.0,0.0,1429,0.0,303.0,7880.65
Eduardo Bolsonaro,4-10 SET/24,https://www.youtube.com/watch?v=UOX1jfWsn3U,8-09-2024,YouTube,Vídeo,4765,0.363,0.0,13125.0,4421,344.0,0.0,20314.04
Eduardo Bolsonaro,4-10 SET/24,https://www.instagram.com/reel/C_sXXpcRgVn/,9-09-2024,Instagram,Reels,33096,0.0056,1001549.0,0.0,31994,1102.0,0.0,58645.26
Eduardo Bolsonaro,4-10 SET/24,https://www.instagram.com/p/C_s1V2sxwBb/,9-09-2024,Instagram,Foto,69499,0.0118,1001549.0,0.0,67712,1787.0,0.0,94637.24
Eduardo Bolsonaro,4-10 SET/24,https://www.instagram.com/p/C_vk7KpRsh0/,10-09-2024,Instagram,Foto,201684,0.0342,1002221.0,0.0,190018,11666.0,0.0,275903.9
Gustavo Gayer,4-10 SET/24,https://www.instagram.com/p/C_fzauqOX8R/,4-09-2024,Instagram,Foto,94677,0.046,350271.0,0.0,92034,2643.0,0.0,107419.97
Gustavo Gayer,4-10 SET/24,https://www.youtube.com/watch?v=_6M2-oJRqxY,4-09-2024,YouTube,Vídeo,110052,0.1969999999999999,0.0,558677.0,106323,3729.0,0.0,494856.0
Gustavo Gayer,4-10 SET/24,https://www.instagram.com/reel/C_f65S9MNQq/,4-09-2024,Instagram,Reels,71064,0.0345,350271.0,0.0,67098,3966.0,0.0,96162.11
Gustavo Gayer,4-10 SET/24,https://www.youtube.com/watch?v=laY_a1LLeR8,4-09-2024,YouTube,Vídeo,52933,0.2532,0.0,209061.0,49853,3080.0,0.0,236225.48
Gustavo Gayer,4-10 SET/24,https://www.youtube.com/watch?v=yhgZiTBL1fE,4-09-2024,YouTube,Vídeo,19026,0.2739,0.0,69457.0,17914,1112.0,0.0,83099.83
Gustavo Gayer,4-10 SET/24,https://www.youtube.com/watch?v=8g8aHydOA5E,4-09-2024,YouTube,Vídeo,55574,0.1869,0.0,297299.0,52240,3334.0,0.0,275083.51
Gustavo Gayer,4-10 SET/24,https://www.instagram.com/reel/C_gvbYsMtGA/,4-09-2024,Instagram,Reels,107143,0.052,350271.0,0.0,102418,4725.0,0.0,132381.61
Gustavo Gayer,4-10 SET/24,https://www.youtube.com/watch?v=SG_XbYJMhcU,4-09-2024,YouTube,Vídeo,26627,0.2809,0.0,94792.0,24960,1667.0,0.0,117042.78
Gustavo Gayer,4-10 SET/24,https://www.instagram.com/reel/C_hB7HutrBF/,4-09-2024,Instagram,Reels,40850,0.0197999999999999,350650.0,0.0,39387,1463.0,0.0,53066.12
Gustavo Gayer,4-10 SET/24,https://www.instagram.com/reel/C_h5WWaOfIB/,5-09-2024,Instagram,Reels,1798,0.0009,350650.0,0.0,1743,55.0,0.0,9850.68
Gustavo Gayer,4-10 SET/24,https://www.instagram.com/reel/C_iaxRPu85t/,5-09-2024,Instagram,Reels,1713,0.0008,350650.0,0.0,1662,51.0,0.0,9750.22
Gustavo Gayer,4-10 SET/24,https://www.instagram.com/p/C_ij3aKu_Vk/,5-09-2024,Instagram,Foto,14570,0.0070999999999999,350650.0,0.0,14136,434.0,0.0,23426.96
Gustavo Gayer,4-10 SET/24,https://www.youtube.com/watch?v=chaZGzi3nfw,5-09-2024,YouTube,Vídeo,58852,0.2732,0.0,215441.0,55491,3361.0,0.0,256149.24
Gustavo Gayer,4-10 SET/24,https://www.instagram.com/reel/C_iqdCusBHF/,5-09-2024,Instagram,Reels,72562,0.0352,350650.0,0.0,69865,2697.0,0.0,88779.0
Gustavo Gayer,4-10 SET/24,https://www.instagram.com/p/C_iv6aEOXJ5/,5-09-2024,Instagram,Carrossel,86678,0.042,350650.0,0.0,82027,4651.0,0.0,114284.12
Gustavo Gayer,4-10 SET/24,https://www.youtube.com/watch?v=jLtH51KKXxU,5-09-2024,YouTube,Vídeo,78904,0.1861,0.0,423946.0,75893,3011.0,0.0,367209.59
Gustavo Gayer,4-10 SET/24,https://www.youtube.com/watch?v=k9gQ8T4oKjU,5-09-2024,YouTube,Vídeo,41776,0.2611,0.0,159998.0,39155,2621.0,0.0,187431.05
Gustavo Gayer,4-10 SET/24,https://www.instagram.com/p/C_i7Y8aJPlQ/,5-09-2024,Instagram,Foto,109817,0.0532,350650.0,0.0,104993,4824.0,0.0,135366.98
Gustavo Gayer,4-10 SET/24,https://www.youtube.com/watch?v=wUDji16bHeE,5-09-2024,YouTube,Vídeo,19795,0.1946,0.0,101735.0,19287,508.0,0.0,87157.08
Gustavo Gayer,4-10 SET/24,https://www.instagram.com/reel/C_jKw9YJvyP/,5-09-2024,Instagram,Reels,758,0.0004,350650.0,0.0,750,8.0,0.0,8634.8
Gustavo Gayer,4-10 SET/24,https://www.youtube.com/watch?v=C3SzT0L74wQ,5-09-2024,YouTube,Vídeo,112241,0.1830999999999999,0.0,612935.0,104995,7246.0,0.0,566826.76
Gustavo Gayer,4-10 SET/24,https://www.instagram.com/reel/C_jfUhJtjcW/,5-09-2024,Instagram,Reels,90189,0.0437,350650.0,0.0,82741,7448.0,0.0,136435.06
Gustavo Gayer,4-10 SET/24,https://www.instagram.com/reel/C_jqzXbtRR2/,5-09-2024,Instagram,Reels,26782,0.013,351029.0,0.0,26527,255.0,0.0,32713.49
Gustavo Gayer,4-10 SET/24,https://www.instagram.com/reel/C_kdaF8u2hz/,6-09-2024,Instagram,Reels,943,0.0005,351029.0,0.0,913,30.0,0.0,8952.95
Gustavo Gayer,4-10 SET/24,https://www.instagram.com/reel/C_k_3hrOU3H/,6-09-2024,Instagram,Reels,987,0.0005,351029.0,0.0,960,27.0,0.0,8970.27
Gustavo Gayer,4-10 SET/24,https://www.youtube.com/watch?v=8LaER7IBMkg,6-09-2024,YouTube,Vídeo,46375,0.2132,0.0,217538.0,42937,3438.0,0.0,228591.37
Gustavo Gayer,4-10 SET/24,https://www.youtube.com/watch?v=IjVhPKyk1II,6-09-2024,YouTube,Vídeo,62931,0.221,0.0,284733.0,61224,1707.0,0.0,265594.11
Gustavo Gayer,4-10 SET/24,https://www.instagram.com/reel/C_lSpL8OxSd/,6-09-2024,Instagram,Reels,152686,0.0739,351029.0,0.0,148092,4594.0,0.0,170669.69
Gustavo Gayer,4-10 SET/24,https://www.youtube.com/watch?v=1j1BATPthXc,6-09-2024,YouTube,Vídeo,37278,0.2022,0.0,184344.0,35157,2121.0,0.0,177939.93
Gustavo Gayer,4-10 SET/24,https://www.instagram.com/p/C_lmF_uJWgo/,6-09-2024,Instagram,Carrossel,33290,0.0161,351029.0,0.0,32047,1243.0,0.0,45068.29
Gustavo Gayer,4-10 SET/24,https://www.instagram.com/reel/C_lnpH_sWS3/,6-09-2024,Instagram,Reels,37003,0.0179,351029.0,0.0,36427,576.0,0.0,43699.19
Gustavo Gayer,4-10 SET/24,https://www.youtube.com/watch?v=BWyF6yJOwXs,6-09-2024,YouTube,Vídeo,34022,0.2339999999999999,0.0,145376.0,33229,793.0,0.0,138956.41
Gustavo Gayer,4-10 SET/24,https://www.instagram.com/reel/C_lvi4QpSas/,6-09-2024,Instagram,Reels,1028,0.0005,351029.0,0.0,950,78.0,0.0,9354.37
Gustavo Gayer,4-10 SET/24,https://www.instagram.com/p/C_l2GkruUTB/,6-09-2024,Instagram,Foto,99811,0.0483,351029.0,0.0,95693,4118.0,0.0,121941.35
Gustavo Gayer,4-10 SET/24,https://www.instagram.com/reel/C_l_BhnpSeC/,6-09-2024,Instagram,Reels,52912,0.0256,351029.0,0.0,52051,861.0,0.0,59330.33
Gustavo Gayer,4-10 SET/24,https://www.youtube.com/watch?v=2FNLWhCWp2w,6-09-2024,YouTube,Vídeo,17093,0.2698,0.0,63356.0,16504,589.0,0.0,69269.02
Gustavo Gayer,4-10 SET/24,https://www.youtube.com/watch?v=EE0ldH9EYYE,6-09-2024,YouTube,Vídeo,45053,0.2284,0.0,197294.0,42210,2843.0,0.0,210527.7
Gustavo Gayer,4-10 SET/24,https://www.instagram.com/p/C_mGYllJDbc/,6-09-2024,Instagram,Foto,21699,0.0105,351409.0,0.0,21293,406.0,0.0,29383.54
Gustavo Gayer,4-10 SET/24,https://www.instagram.com/reel/C_nEWCvOIMb/,7-09-2024,Instagram,Reels,1166,0.0006,351409.0,0.0,1145,21.0,0.0,9091.76
Gustavo Gayer,4-10 SET/24,https://www.instagram.com/reel/C_nY2cMuFlu/,7-09-2024,Instagram,Reels,20625,0.01,351409.0,0.0,20171,454.0,0.0,28788.22
Gustavo Gayer,4-10 SET/24,https://www.youtube.com/watch?v=S8AiRoZuvRs,7-09-2024,YouTube,Vídeo,66472,0.1707,0.0,389447.0,62828,3644.0,0.0,335414.75
Gustavo Gayer,4-10 SET/24,https://www.instagram.com/reel/C_nfkyAuUeP/,7-09-2024,Instagram,Reels,211750,0.1024,351409.0,0.0,142033,69717.0,0.0,666914.64
Gustavo Gayer,4-10 SET/24,https://www.instagram.com/reel/C_nkSjTOWvc/,7-09-2024,Instagram,Reels,1182,0.0006,351409.0,0.0,1049,133.0,0.0,9871.6
Gustavo Gayer,4-10 SET/24,https://www.instagram.com/reel/C_nvvHIO4v_/,7-09-2024,Instagram,Reels,62847,0.0304,351409.0,0.0,51709,11138.0,0.0,138177.7
Gustavo Gayer,4-10 SET/24,https://www.instagram.com/reel/C_n9Mw-upA-/,7-09-2024,Instagram,Reels,136376,0.066,351409.0,0.0,131451,4925.0,0.0,158915.72
Gustavo Gayer,4-10 SET/24,https://www.instagram.com/reel/C_oGh7SJSbN/,7-09-2024,Instagram,Reels,211642,0.1024,351409.0,0.0,202481,9161.0,0.0,252618.72
Gustavo Gayer,4-10 SET/24,https://www.youtube.com/watch?v=7zLYle3oDDk,7-09-2024,YouTube,Vídeo,86613,0.1764,491100.0,0.0,80941,5672.0,0.0,444501.07
Gustavo Gayer,4-10 SET/24,https://www.tiktok.com/@gusgayer/video/7411994446461472006,7-09-2024,TikTok,Vídeo,118,0.1002,0.0,1178.0,112,6.0,0.0,288.88
Gustavo Gayer,4-10 SET/24,https://www.tiktok.com/@gusgayer/video/7411995431573458182,7-09-2024,TikTok,Vídeo,6298,0.1957,0.0,34300.0,5857,441.0,0.0,13011.22
Gustavo Gayer,4-10 SET/24,https://www.instagram.com/reel/C_oVNSWJX06/,7-09-2024,Instagram,Reels,1045,0.0005,351409.0,0.0,1035,10.0,0.0,8912.46
Gustavo Gayer,4-10 SET/24,https://www.instagram.com/reel/C_oe-2wOb_G/,7-09-2024,Instagram,Reels,14893,0.0072,351409.0,0.0,14737,156.0,0.0,21820.38
Gustavo Gayer,4-10 SET/24,https://twitter.com/user/status/1832553739539873818,7-09-2024,Twitter,Vídeo,32315,0.2739999999999999,117958.0,0.0,26554,0.0,5761.0,52340.51
Gustavo Gayer,4-10 SET/24,https://www.instagram.com/reel/C_ojMwdOA2y/,7-09-2024,Instagram,Reels,74999,0.0363,351409.0,0.0,73264,1735.0,0.0,84311.9
Gustavo Gayer,4-10 SET/24,https://www.instagram.com/reel/C_pu9mvO7Fi/,8-09-2024,Instagram,Reels,621,0.0003,351788.0,0.0,614,7.0,0.0,8535.87
Gustavo Gayer,4-10 SET/24,https://www.instagram.com/reel/C_qKFJiuabm/,8-09-2024,Instagram,Reels,1676,0.0008,351788.0,0.0,1645,31.0,0.0,9607.33
Gustavo Gayer,4-10 SET/24,https://www.instagram.com/p/C_qQncxPz0p/,8-09-2024,Instagram,Foto,3888,0.0019,351788.0,0.0,3833,55.0,0.0,11673.81
Gustavo Gayer,4-10 SET/24,https://www.instagram.com/reel/C_qbJpjPLQz/,8-09-2024,Instagram,Reels,125928,0.0608999999999999,351788.0,0.0,120870,5058.0,0.0,150848.73
Gustavo Gayer,4-10 SET/24,https://www.instagram.com/reel/C_qiLVuOEZB/,8-09-2024,Instagram,Reels,104324,0.0504,351788.0,0.0,101506,2818.0,0.0,116947.69
Gustavo Gayer,4-10 SET/24,https://www.youtube.com/watch?v=d8PKHsu5pmc,8-09-2024,YouTube,Vídeo,150475,0.2057999999999999,0.0,731195.0,142092,8383.0,0.0,711518.13
Gustavo Gayer,4-10 SET/24,https://www.instagram.com/reel/C_qxg_4MsJl/,8-09-2024,Instagram,Reels,121663,0.0588,351788.0,0.0,116885,4778.0,0.0,145265.63
Gustavo Gayer,4-10 SET/24,https://www.youtube.com/watch?v=eQO4MedKzgw,8-09-2024,YouTube,Vídeo,59647,0.2167,0.0,275190.0,57548,2099.0,0.0,260180.24
Gustavo Gayer,4-10 SET/24,https://www.instagram.com/reel/C_q5OGdJZYy/,8-09-2024,Instagram,Reels,850,0.0004,351788.0,0.0,829,21.0,0.0,8828.57
Gustavo Gayer,4-10 SET/24,https://www.youtube.com/watch?v=tbe0NxkYo1Q,8-09-2024,YouTube,Vídeo,119541,0.1639999999999999,0.0,728969.0,114428,5113.0,0.0,592602.95
Gustavo Gayer,4-10 SET/24,https://www.instagram.com/reel/C_sSzR1u9As/,9-09-2024,Instagram,Reels,1355,0.0007,352102.0,0.0,1305,50.0,0.0,9468.33
Gustavo Gayer,4-10 SET/24,https://www.instagram.com/p/C_sZ8cGOTJz/,9-09-2024,Instagram,Foto,79816,0.0385,352102.0,0.0,68946,10870.0,0.0,150953.59
Gustavo Gayer,4-10 SET/24,https://www.instagram.com/reel/C_stcWDMO1K/,9-09-2024,Instagram,Reels,92704,0.0448,352102.0,0.0,89588,3116.0,0.0,108999.91
Gustavo Gayer,4-10 SET/24,https://www.instagram.com/reel/C_svBv-u4Vv/,9-09-2024,Instagram,Reels,709,0.0003,352102.0,0.0,639,70.0,0.0,9049.57
Gustavo Gayer,4-10 SET/24,https://www.youtube.com/watch?v=RLOI_ss-hG8,9-09-2024,YouTube,Vídeo,16968,0.2123999999999999,0.0,79881.0,16314,654.0,0.0,75332.67
Gustavo Gayer,4-10 SET/24,https://www.youtube.com/watch?v=MrGTNxMFGFM,9-09-2024,YouTube,Vídeo,78702,0.1503,0.0,523646.0,76407,2295.0,0.0,389676.33
Gustavo Gayer,4-10 SET/24,https://www.instagram.com/reel/C_tEkWeuLsZ/,9-09-2024,Instagram,Reels,1529,0.0007,352102.0,0.0,1496,33.0,0.0,9501.69
Gustavo Gayer,4-10 SET/24,https://www.instagram.com/reel/C_tTaOLJvZb/,9-09-2024,Instagram,Reels,20790,0.01,352102.0,0.0,20460,330.0,0.0,28011.63
Gustavo Gayer,4-10 SET/24,https://www.youtube.com/watch?v=uCkqmDX1gco,9-09-2024,YouTube,Vídeo,26536,0.3003,0.0,88354.0,25612,924.0,0.0,104369.26
Gustavo Gayer,4-10 SET/24,https://www.instagram.com/p/C_tarP5yFS2/,9-09-2024,Instagram,Foto,102693,0.0496,352102.0,0.0,99780,2913.0,0.0,116201.93
Gustavo Gayer,4-10 SET/24,https://www.instagram.com/reel/C_teFBmpqIX/,9-09-2024,Instagram,Reels,501,0.0002,352102.0,0.0,483,18.0,0.0,8515.01
Gustavo Gayer,4-10 SET/24,https://www.instagram.com/reel/C_te2krp8lr/,9-09-2024,Instagram,Reels,112970,0.0545,352102.0,0.0,106722,6248.0,0.0,147851.55
Gustavo Gayer,4-10 SET/24,https://www.youtube.com/watch?v=Pk1N9aXSc9I,9-09-2024,YouTube,Vídeo,115088,0.2557,0.0,450164.0,107529,7559.0,0.0,524156.61
Gustavo Gayer,4-10 SET/24,https://www.instagram.com/reel/C_t7CtYt2Q-/,9-09-2024,Instagram,Reels,87929,0.0424,352417.0,0.0,85470,2459.0,0.0,100406.65
Gustavo Gayer,4-10 SET/24,https://www.instagram.com/reel/C_u30tiuL7q/,10-09-2024,Instagram,Reels,1179,0.0006,352417.0,0.0,1156,23.0,0.0,9139.41
Gustavo Gayer,4-10 SET/24,https://twitter.com/user/status/1833503446449983675,10-09-2024,Twitter,Vídeo,10979,0.093,118041.0,0.0,9202,0.0,1777.0,18601.57
Gustavo Gayer,4-10 SET/24,https://www.instagram.com/reel/C_vSymDO6Xp/,10-09-2024,Instagram,Reels,708,0.0003,352417.0,0.0,672,36.0,0.0,8823.27
Gustavo Gayer,4-10 SET/24,https://twitter.com/user/status/1833511946605498814,10-09-2024,Twitter,Vídeo,7895,0.0669,118041.0,0.0,6434,0.0,1461.0,14519.77
Gustavo Gayer,4-10 SET/24,https://www.instagram.com/p/C_vb0C-OE8l/,10-09-2024,Instagram,Foto,100203,0.0483,352417.0,0.0,95407,4796.0,0.0,126947.37
Gustavo Gayer,4-10 SET/24,https://www.youtube.com/watch?v=lgHL9W1Cj-I,10-09-2024,YouTube,Vídeo,74786,0.2213,0.0,337973.0,69866,4920.0,0.0,355715.39
Gustavo Gayer,4-10 SET/24,https://www.instagram.com/reel/C_vlLqBsnnw/,10-09-2024,Instagram,Reels,90447,0.0436,352417.0,0.0,85600,4847.0,0.0,118906.05
Gustavo Gayer,4-10 SET/24,https://www.instagram.com/reel/C_vsRBkses5/,10-09-2024,Instagram,Reels,137967,0.0666,352417.0,0.0,131465,6502.0,0.0,171093.45
Gustavo Gayer,4-10 SET/24,https://www.youtube.com/watch?v=vPG18Lsxftk,10-09-2024,YouTube,Vídeo,22419,0.2251,0.0,99605.0,20740,1679.0,0.0,108909.19
Gustavo Gayer,4-10 SET/24,https://www.youtube.com/watch?v=kWxACunhtQc,10-09-2024,YouTube,Vídeo,97480,0.1882,0.0,518029.0,93381,4099.0,0.0,457044.66
Gustavo Gayer,4-10 SET/24,https://twitter.com/user/status/1833587697375731951,10-09-2024,Twitter,Vídeo,7130,0.0604,118041.0,0.0,5688,0.0,1442.0,13688.98
Gustavo Gayer,4-10 SET/24,https://twitter.com/user/status/1833589471113318704,10-09-2024,Twitter,Vídeo,16474,0.1396,118041.0,0.0,13178,0.0,3296.0,28799.66
Gustavo Gayer,4-10 SET/24,https://www.instagram.com/reel/C_v9i1tMNAH/,10-09-2024,Instagram,Reels,75973,0.0366,352417.0,0.0,73556,2417.0,0.0,89837.21
Gustavo Gayer,4-10 SET/24,https://www.instagram.com/reel/C_wACfXJEYK/,10-09-2024,Instagram,Reels,39567,0.0191,352417.0,0.0,38435,1132.0,0.0,49738.65
Gustavo Gayer,4-10 SET/24,https://www.youtube.com/watch?v=KA9_WMXhDMk,10-09-2024,YouTube,Vídeo,26517,0.2119,0.0,125121.0,25665,852.0,0.0,115456.2
Gustavo Gayer,4-10 SET/24,https://www.instagram.com/reel/C_wCwW1p0Da/,10-09-2024,Instagram,Reels,1327,0.0006,352417.0,0.0,1296,31.0,0.0,9321.41
Gustavo Gayer,4-10 SET/24,https://www.youtube.com/watch?v=s8ctV9zzcN0,10-09-2024,YouTube,Vídeo,38638,0.253,0.0,152724.0,37172,1466.0,0.0,161590.28
Gustavo Gayer,4-10 SET/24,https://www.youtube.com/watch?v=rHAHHysbt78,10-09-2024,YouTube,Vídeo,62055,0.2155999999999999,0.0,287815.0,59399,2656.0,0.0,277753.16
Josimar de Maranhãozinho,4-10 SET/24,https://www.instagram.com/reel/C_fiOBVOzSs/,4-09-2024,Instagram,Reels,329,0.0028,29707.0,0.0,309,20.0,0.0,1091.42
Josimar de Maranhãozinho,4-10 SET/24,https://www.instagram.com/reel/C_f1sWoOATS/,4-09-2024,Instagram,Reels,985,0.0083,29707.0,0.0,939,46.0,0.0,1833.42
Josimar de Maranhãozinho,4-10 SET/24,https://www.instagram.com/p/C_mYsf7uORR/,6-09-2024,Instagram,Carrossel,415,0.0034999999999999,29733.0,0.0,385,30.0,0.0,1234.36
Josimar de Maranhãozinho,4-10 SET/24,https://www.instagram.com/reel/C_oI2QWOyTO/,7-09-2024,Instagram,Reels,106,0.0009,29733.0,0.0,103,3.0,0.0,783.94
Josimar de Maranhãozinho,4-10 SET/24,https://www.instagram.com/reel/C_qR4N8phA8/,8-09-2024,Instagram,Reels,130,0.0011,29746.0,0.0,122,8.0,0.0,839.08
Josimar de Maranhãozinho,4-10 SET/24,https://www.instagram.com/reel/C_qd6SkuBSg/,8-09-2024,Instagram,Reels,418,0.0034999999999999,29746.0,0.0,379,39.0,0.0,1298.8
Josimar de Maranhãozinho,4-10 SET/24,https://www.instagram.com/reel/C_qm62luni0/,8-09-2024,Instagram,Reels,644,0.0054,29746.0,0.0,628,16.0,0.0,1335.84
Josimar de Maranhãozinho,4-10 SET/24,https://www.instagram.com/reel/C_rIuY1OSqq/,8-09-2024,Instagram,Reels,787,0.0066,29746.0,0.0,734,53.0,0.0,1711.9
Josimar de Maranhãozinho,4-10 SET/24,https://www.instagram.com/reel/C_rQjuJOO0C/,8-09-2024,Instagram,Reels,448,0.0038,29759.0,0.0,421,27.0,0.0,1242.81
Josimar de Maranhãozinho,4-10 SET/24,https://www.instagram.com/reel/C_s7wAmuRVp/,8-09-2024,Instagram,Reels,254,0.0021,29759.0,0.0,238,16.0,0.0,1000.73
Nikolas Ferreira,4-10 SET/24,https://twitter.com/user/status/1831308008405533109,4-09-2024,Twitter,Link,10597,0.0260999999999999,405315.0,0.0,9463,0.0,1134.0,21298.45
Nikolas Ferreira,4-10 SET/24,https://twitter.com/user/status/1831309694217904334,4-09-2024,Twitter,Foto,24865,0.0613,405315.0,0.0,20470,0.0,4395.0,45687.79
Nikolas Ferreira,4-10 SET/24,https://twitter.com/user/status/1831354737981083887,4-09-2024,Twitter,Foto,30451,0.0751,405315.0,0.0,25194,0.0,5257.0,53967.37
Nikolas Ferreira,4-10 SET/24,https://twitter.com/user/status/1831355741178871866,4-09-2024,Twitter,Texto,16909,0.0417,405315.0,0.0,15657,0.0,1252.0,28034.65
Nikolas Ferreira,4-10 SET/24,https://www.instagram.com/reel/C_gHIo5Jv4S/,4-09-2024,Instagram,Reels,559254,0.0486,1957134.0,0.0,548703,10551.0,0.0,597378.08
Nikolas Ferreira,4-10 SET/24,https://twitter.com/user/status/1831395604024717404,4-09-2024,Twitter,Foto,16021,0.0395,405315.0,0.0,13068,0.0,2953.0,32342.83
Nikolas Ferreira,4-10 SET/24,https://twitter.com/user/status/1831407240093560916,4-09-2024,Twitter,Link,17310,0.0426999999999999,405315.0,0.0,15381,0.0,1929.0,30511.28
Nikolas Ferreira,4-10 SET/24,https://twitter.com/user/status/1831416617798136126,4-09-2024,Twitter,Foto,17567,0.0433,405315.0,0.0,14966,0.0,2601.0,32827.17
Nikolas Ferreira,4-10 SET/24,https://twitter.com/user/status/1831468674643062797,4-09-2024,Twitter,Vídeo,11558,0.0285,405315.0,0.0,10141,0.0,1417.0,23135.04
Nikolas Ferreira,4-10 SET/24,https://www.tiktok.com/@nikolasferreiradm/video/7410936554840952070,4-09-2024,TikTok,Vídeo,214926,0.1264,0.0,1700000.0,198600,4726.0,11600.0,410709.28
Nikolas Ferreira,4-10 SET/24,https://www.instagram.com/reel/C_jRZnmJJeM/,5-09-2024,Instagram,Reels,647840,0.0562,1957922.0,0.0,634048,13792.0,0.0,695748.3
Nikolas Ferreira,4-10 SET/24,https://www.tiktok.com/@nikolasferreiradm/video/7411280712327908614,5-09-2024,TikTok,Vídeo,32776,0.1625,0.0,201700.0,31200,874.0,702.0,57898.72
Nikolas Ferreira,4-10 SET/24,https://twitter.com/user/status/1831703694531834102,5-09-2024,Twitter,Texto,16865,0.0416,405887.0,0.0,15080,0.0,1785.0,29631.24
Nikolas Ferreira,4-10 SET/24,https://twitter.com/user/status/1831813812787540314,5-09-2024,Twitter,Vídeo,26719,0.0658,405887.0,0.0,22362,0.0,4357.0,47454.1
Nikolas Ferreira,4-10 SET/24,https://twitter.com/user/status/1831836467594956872,5-09-2024,Twitter,Texto,15469,0.0381,405887.0,0.0,14358,0.0,1111.0,26158.84
Nikolas Ferreira,4-10 SET/24,https://twitter.com/user/status/1831869918737993967,5-09-2024,Twitter,Foto,6522,0.0161,405937.0,0.0,5711,0.0,811.0,16205.25
Nikolas Ferreira,4-10 SET/24,https://twitter.com/user/status/1831885663404224856,5-09-2024,Twitter,Link,28070,0.0691,405937.0,0.0,24488,0.0,3582.0,46447.99
Nikolas Ferreira,4-10 SET/24,https://twitter.com/user/status/1831887840235647114,5-09-2024,Twitter,Link,22192,0.0547,405937.0,0.0,18469,0.0,3723.0,40942.67
Nikolas Ferreira,4-10 SET/24,https://twitter.com/user/status/1832028744560587185,6-09-2024,Twitter,Foto,27330,0.0673,405937.0,0.0,23580,0.0,3750.0,46214.67
Nikolas Ferreira,4-10 SET/24,https://twitter.com/user/status/1832086117996503167,6-09-2024,Twitter,Texto,16055,0.0395999999999999,405937.0,0.0,14277,0.0,1778.0,28792.6
Nikolas Ferreira,4-10 SET/24,https://twitter.com/user/status/1832171862756839593,6-09-2024,Twitter,Texto,16810,0.0414,405937.0,0.0,14631,0.0,2179.0,30782.21
Nikolas Ferreira,4-10 SET/24,https://twitter.com/user/status/1832181574256783777,6-09-2024,Twitter,Link,12436,0.0306,405937.0,0.0,10535,0.0,1901.0,25513.79
Nikolas Ferreira,4-10 SET/24,https://twitter.com/user/status/1832182376849666096,6-09-2024,Twitter,Foto,16269,0.0401,405937.0,0.0,13914,0.0,2355.0,30774.36
Nikolas Ferreira,4-10 SET/24,https://twitter.com/user/status/1832194732455301488,6-09-2024,Twitter,Texto,6109,0.015,405937.0,0.0,5920,0.0,189.0,13884.8
Nikolas Ferreira,4-10 SET/24,https://www.youtube.com/watch?v=EW9S78FjvAo,7-09-2024,YouTube,Vídeo,26409,0.1174,0.0,224965.0,24635,1774.0,0.0,160975.94
Nikolas Ferreira,4-10 SET/24,https://www.tiktok.com/@nikolasferreiradm/video/7412011307404201221,7-09-2024,TikTok,Vídeo,269862,0.1499,0.0,1800000.0,246700,7062.0,16100.0,483829.36
Nikolas Ferreira,4-10 SET/24,https://twitter.com/user/status/1832386313259037136,7-09-2024,Twitter,Texto,21825,0.0538,405986.0,0.0,19831,0.0,1994.0,35282.12
Nikolas Ferreira,4-10 SET/24,https://twitter.com/user/status/1832407462470959340,7-09-2024,Twitter,Foto,17758,0.0437,405986.0,0.0,15326,0.0,2432.0,32514.73
Nikolas Ferreira,4-10 SET/24,https://twitter.com/user/status/1832493918316875964,7-09-2024,Twitter,Foto,29095,0.0717,405986.0,0.0,24598,0.0,4497.0,50284.0
Nikolas Ferreira,4-10 SET/24,https://twitter.com/user/status/1832494833669435589,7-09-2024,Twitter,Foto,17501,0.0431,405986.0,0.0,15232,0.0,2269.0,31756.38
Nikolas Ferreira,4-10 SET/24,https://www.instagram.com/reel/C_oSYLIp0yC/,7-09-2024,Instagram,Reels,1273525,0.1105,1959867.0,0.0,1217439,56086.0,0.0,1523172.33
Nikolas Ferreira,4-10 SET/24,https://twitter.com/user/status/1832519595871101388,7-09-2024,Twitter,Vídeo,26583,0.0655,405986.0,0.0,22459,0.0,4124.0,46605.5
Nikolas Ferreira,4-10 SET/24,https://twitter.com/user/status/1832519602133213329,7-09-2024,Twitter,Texto,11182,0.0275,405986.0,0.0,10444,0.0,738.0,20689.33
Nikolas Ferreira,4-10 SET/24,https://twitter.com/user/status/1832519608445669698,7-09-2024,Twitter,Texto,21455,0.0528,405986.0,0.0,19685,0.0,1770.0,34222.98
Nikolas Ferreira,4-10 SET/24,https://twitter.com/user/status/1832538148498276625,7-09-2024,Twitter,Foto,40168,0.0989,405986.0,0.0,37510,0.0,2658.0,55840.39
Nikolas Ferreira,4-10 SET/24,https://twitter.com/user/status/1832914069050810538,8-09-2024,Twitter,Link,8077,0.0199,406035.0,0.0,7201,0.0,876.0,17976.43
Nikolas Ferreira,4-10 SET/24,https://www.tiktok.com/@nikolasferreiradm/video/7412776097072418054,9-09-2024,TikTok,Vídeo,210043,0.1313,0.0,1600000.0,196700,5287.0,8056.0,402357.36
Nikolas Ferreira,4-10 SET/24,https://www.instagram.com/reel/C_tl_sRJ1CT/,9-09-2024,Instagram,Reels,690820,0.0599,1962183.0,0.0,673171,17649.0,0.0,759189.32
Nikolas Ferreira,4-10 SET/24,https://twitter.com/user/status/1833272845134143541,9-09-2024,Twitter,Vídeo,20002,0.0493,406085.0,0.0,16229,0.0,3773.0,38886.37
Nikolas Ferreira,4-10 SET/24,https://twitter.com/user/status/1833292611177591048,9-09-2024,Twitter,Foto,5454,0.0134,406085.0,0.0,4758,0.0,696.0,14777.27
Nikolas Ferreira,4-10 SET/24,https://www.tiktok.com/@nikolasferreiradm/video/7413029521332407558,10-09-2024,TikTok,Vídeo,97346,0.1757,0.0,554200.0,91100,2917.0,3329.0,168275.76
Nikolas Ferreira,4-10 SET/24,https://www.tiktok.com/@nikolasferreiradm/video/7413153272535584005,10-09-2024,TikTok,Vídeo,81883,0.1705,0.0,480300.0,76900,2842.0,2141.0,147067.76
Nikolas Ferreira,4-10 SET/24,https://www.instagram.com/reel/C_vanpgppEk/,10-09-2024,Instagram,Reels,604832,0.0524,1963341.0,0.0,565990,38842.0,0.0,830225.94
Nikolas Ferreira,4-10 SET/24,https://twitter.com/user/status/1833522040495845428,10-09-2024,Twitter,Vídeo,20763,0.0511,406134.0,0.0,17110,0.0,3653.0,39288.65
Nikolas Ferreira,4-10 SET/24,https://twitter.com/user/status/1833570279836307870,10-09-2024,Twitter,Vídeo,9201,0.0227,406134.0,0.0,7895,0.0,1306.0,20429.21
Nikolas Ferreira,4-10 SET/24,https://www.instagram.com/reel/C_wRW4CJfa2/,10-09-2024,Instagram,Reels,597557,0.0516999999999999,1963341.0,0.0,562914,34643.0,0.0,795248.28
Nikolas Ferreira,4-10 SET/24,https://twitter.com/user/status/1833641985099366474,10-09-2024,Twitter,Vídeo,17505,0.0431,406134.0,0.0,14466,0.0,3039.0,34119.23
Nikolas Ferreira,4-10 SET/24,https://twitter.com/user/status/1833683894916305237,10-09-2024,Twitter,Texto,9222,0.0227,406183.0,0.0,8502,0.0,720.0,18658.12
Nikolas Ferreira,4-10 SET/24,https://twitter.com/user/status/1833685634835218583,10-09-2024,Twitter,Texto,3779,0.0093,406183.0,0.0,3543,0.0,236.0,11679.65
Nikolas Ferreira,4-10 SET/24,https://twitter.com/user/status/1833687717009330526,10-09-2024,Twitter,Foto,6097,0.015,406183.0,0.0,5599,0.0,498.0,14822.55
Nikolas Ferreira,4-10 SET/24,https://twitter.com/user/status/1833690057384788437,10-09-2024,Twitter,Texto,5267,0.013,406183.0,0.0,4859,0.0,408.0,13708.85
