Nome,Semana,Data,Plataforma,Formato,Engajamento,Taxa de Engajamento,Impressoes,Visualizacoes,Likes,Comentarios,Compartilhamentos,VMG,Legenda,Link
Abilio Brunini,14-20 MAR/24,19-03-2024,TikTok,V√≠deo,95341,0.0832,0.0,1146604.0,92995,1213.0,1133.0,225105.02,"#NikolasPresidenteüáßüá∑ da comiss√£o de Educa√ß√£o, o futuro √© promissor e n√£o vamos desistir do Brasil üáßüá∑üî∞‚úÖ",https://www.tiktok.com/@abiliobrunini/video/7348135370007072005
Abilio Brunini,14-20 MAR/24,19-03-2024,Instagram,Reels,42200,0.1881,56079.0,0.0,41709,491.0,0.0,40918.39,"#NikolasPresidenteüáßüá∑ da comiss√£o de Educa√ß√£o, o futuro √© promissor e n√£o vamos desistir do Brasil üáßüá∑üî∞‚úÖ",https://www.instagram.com/reel/C4tHXtrukhv/
Abilio Brunini,14-20 MAR/24,16-03-2024,TikTok,V√≠deo,24010,0.1055,0.0,227482.0,18563,2411.0,3036.0,64893.58,üáßüá∑ Cuiab√° 305 anos com Bolsonaro. Dia 8 de Abril de 2024. Ser√° Inesquec√≠vel.,https://www.tiktok.com/@abiliobrunini/video/7347029614327254278
Andr√© Fernandes,14-20 MAR/24,18-03-2024,Instagram,Reels,111519,0.107,280034.0,0.0,108389,3130.0,0.0,123647.11,SUPERA!,https://www.instagram.com/reel/C4rF39-PZYV/
Andr√© Fernandes,14-20 MAR/24,19-03-2024,Instagram,Reels,108148,0.0897,280190.0,0.0,107041,1107.0,0.0,106914.26,O abuso de Alexandre de Moraes na pris√£o de Felipe Martins. - Entrevista √† The Epoch Times.,https://www.instagram.com/reel/C4sjm4YOtJU/
Andr√© Fernandes,14-20 MAR/24,20-03-2024,Instagram,Reels,84947,0.0634,280346.0,0.0,81863,3084.0,0.0,100487.6,Surto coletivo na Comiss√£o de Educa√ß√£o,https://www.instagram.com/reel/C4v3RbmP7FB/
Antonio Carlos Rodrigues,14-20 MAR/24,17-03-2024,Instagram,V√≠deo,452,0.0126,8942.0,0.0,417,35.0,0.0,830.3,"Estamos juntos!

ACR ü§ù raquelgallinati ü§ù isacfelix_",https://www.instagram.com/p/C4ny7EJL38o/
Antonio Carlos Rodrigues,14-20 MAR/24,14-03-2024,Instagram,Foto,342,0.0096,8942.0,0.0,283,59.0,0.0,899.86,"Hoje celebramos o Dia Nacional dos Animais, uma oportunidade para refletir sobre a import√¢ncia de cuidar e proteger todas as formas de vida em nosso planeta.

#dianacionaldosanimais #animais #ACR #ohomemdalampada",https://www.instagram.com/p/C4gGLCmLI_S/
Antonio Carlos Rodrigues,14-20 MAR/24,19-03-2024,Instagram,Foto,302,0.0084,8942.0,0.0,278,24.0,0.0,626.06,"‚ö†Ô∏è N√£o esque√ßa: o prazo para tirar ou regularizar o t√≠tulo de eleitor em 2024 √© at√© 8 de maio!

Marque uma pessoa que precisa tirar/regularizar o t√≠tulo üòâ

#titulodeeleitor #elei√ß√µes #ACR #ohomemdalampada",https://www.instagram.com/p/C4tqHSRPtvn/
Bia Kicis,14-20 MAR/24,20-03-2024,Instagram,Reels,222870,0.1147,330299.0,0.0,204565,18305.0,0.0,324342.46,"Aprovado o fim da saidinha! Parab√©ns pelo incr√≠vel trabalho, guilhermederrite. Grande dia! üáßüá∑",https://www.instagram.com/reel/C4wHh7rJE5t/
Bia Kicis,14-20 MAR/24,19-03-2024,Instagram,Foto,69578,0.0358,330212.0,0.0,67151,2427.0,0.0,83903.85,Se enrolou na pr√≥pria narrativa ü§°,https://www.instagram.com/p/C4sROsaP13D/
Bia Kicis,14-20 MAR/24,19-03-2024,Instagram,Reels,67695,0.0349,330212.0,0.0,65568,2127.0,0.0,80232.47,√â sempre bom lembrar quem apoia o Lula.,https://www.instagram.com/reel/C4s6iQKC1L8/
Caroline De Toni,14-20 MAR/24,20-03-2024,Instagram,Foto,23171,0.0265,218522.0,0.0,21755,1416.0,0.0,34553.28,"Os m√≥veis do Pal√°cio da Alvorada, que estavam desaparecidos, ‚Äúmilagrosamente‚Äù s√£o encontrados e cai por terra mais uma das mentiras de Lula. Injustamente, Lula e sua senhora acusaram a Michelle e o presidente Bolsonaro sugerindo que eles ‚Äúlevaram tudo‚Äù do Pal√°cio. A falsa narrativa culminou na gastan√ßa de quase R$ 400 mil em m√≥veis para o Pal√°cio sem licita√ß√£o (Sof√° de R$ 65 mil... Cama de R$ 42 mil...). Sem falar nos R$ 220 mil gastos com hospedagem em hotel de luxo ‚Äì porque o Pal√°cio n√£o estava ‚Äú√† altura‚Äù do que o casal Lula e Janja queriam. A falsa acusa√ß√£o veio √† tona e ficou provado que tudo n√£o passava de uma cortina de fuma√ßa para torrar o dinheiro do pagador de impostos! Folha de SP - tinyurl.com/2v9hcamn O Tempo - tinyurl.com/4xvnd8wb Revista Oeste - tinyurl.com/3st32vam Gazeta do Povo - tinyurl.com/3f5f5p4w",https://www.instagram.com/p/C4vwP9XOZ0w/
Caroline De Toni,14-20 MAR/24,15-03-2024,Instagram,Reels,18745,0.0216,217389.0,0.0,16586,2159.0,0.0,35803.43,"GRAV√çSSIMO! DOUTRINA√á√ÉO IDEOL√ìGICA EM SALA DE AULA EM S√ÉO BONIF√ÅCIO-SC! Mais uma den√∫ncia de doutrina√ß√£o ideol√≥gica em sala de aula chega at√© n√≥s. O fato lament√°vel aconteceu no in√≠cio do m√™s, em S√£o Bonif√°cio-SC, na Escola Estadual S√£o Tarc√≠sio. Ap√≥s os alunos falarem que estariam com saudades do Bolsonaro, o professor de hist√≥ria come√ßou a militar sua ideologia marxista, coagindo e amea√ßando os estudantes. Ao longo de pouco mais de 20 minutos de √°udio, o ‚Äúprofessor‚Äù profere os mais incont√°veis absurdos. Tentando alterar a nossa hist√≥ria recente ‚Äì Modus Operandi da Esquerda ‚Äì defende Lula e acusa Bolsonaro de ser nazista e fascista. Atacou tamb√©m parlamentares de direita e os pr√≥prios catarinenses dizendo que ‚Äúflertam com o nazismo‚Äù. Ainda reitera que falar√° o ano todo sobre fascismo ‚Äúat√© os alunos aprenderem‚Äù. Os pais ficaram revoltados ‚Äì com toda a raz√£o ‚Äì e realizaram um abaixo assinado pelo afastamento do professor. Da nossa parte, vamos levar o caso ao conhecimento do Governador Jorginho Mello e da Secretaria de Educa√ß√£o do Estado e reiterar o pedido dos pais. Fica o alerta para que todos os pais continuem acompanhando o conte√∫do que est√° sendo ensinado aos seus filhos.",https://www.instagram.com/reel/C4iy2r_O70S/
Caroline De Toni,14-20 MAR/24,19-03-2024,Instagram,Reels,15792,0.0181,218295.0,0.0,15362,430.0,0.0,21457.97,"5 anos do Inqu√©rito do ‚ÄúFim do Mundo‚Äù. Hoje, parlamentares de oposi√ß√£o falaram sobre os 5 anos da instaura√ß√£o do Inqu√©rito 4.781, tamb√©m chamado de inqu√©rito das Fake News. H√° cinco anos o STF ordenou a instaura√ß√£o de um inqu√©rito inconstitucional e ilegal, que j√° deveria ter sido h√° muito tempo extinto. Uma verdadeira aberra√ß√£o jur√≠dica instalada no Brasil, que fere as cl√°usulas p√©treas da Constitui√ß√£o e que desde a sua instala√ß√£o tem servido para persegui√ß√£o pol√≠tica. Acompanhem um trecho da fala do senador rogerio.smarinho .",https://www.instagram.com/reel/C4tjZRfOZd6/
Chris Tonietto,14-20 MAR/24,20-03-2024,Instagram,Carrossel,7484,0.0334,56054.0,0.0,7169,315.0,0.0,9858.22,Universidade √© lugar de estudar! Que futuro ter√° o Brasil com jovens formados no meio dessa vergonha?,https://www.instagram.com/p/C4wG5iwJ1AF/
Chris Tonietto,14-20 MAR/24,16-03-2024,Instagram,Reels,1909,0.0085,56054.0,0.0,1792,117.0,0.0,3709.4,"Que alegria de participar destes momentos t√£o especiais, no lan√ßamento da pr√©-candidatura de Alexandre Ramagem para a Prefeitura do Rio de Janeiro! O povo sabe quem √© o l√≠der que respeita seus valores, princ√≠pios, liberdade e democracia! Bolsonaro √© o s√≠mbolo dessa luta, e Alexandre Ramagem foi o escolhido para representar esses valores aqui no Rio. Todos com delegadoramagem jairmessiasbolsonaro plnacional22",https://www.instagram.com/reel/C4lXAKlp1v_/
Chris Tonietto,14-20 MAR/24,14-03-2024,Instagram,Reels,1141,0.0051,56054.0,0.0,1115,26.0,0.0,2426.48,Rotular de ‚Äúfake news‚Äù uma den√∫ncia que sequer foi investigada √© no m√≠nimo uma grande irresponsabilidade! O que exigimos √© que os casos de abuso sexual de crian√ßas na ilha de Maraj√≥ sejam apurados o quanto antes!,https://www.instagram.com/reel/C4gjl51JQ_7/
Eduardo Bolsonaro,14-20 MAR/24,14-03-2024,Instagram,Foto,261730,0.046,966894.0,0.0,253851,7879.0,0.0,300841.63,"(POR) Deus nos aben√ßoou com um jantar privado e boas horas de conversa com o futuro Presidente dos Estados Unidos da Am√©rica, iniciado ao som do hino nacional americano. Certamente realdonaldtrump est√° ciente do que se passa no Brasil e se h√° uma caracter√≠stica forte nele √© a sua coragem e autenticidade para implementar as decis√µes corretas. Ao final pude fazer uma chamada de v√≠deo conectando Presidente Trump com Presidente Bolsonaro. √â imposs√≠vel n√£o admitir que se tratam dos dois maiores l√≠deres patriotas do ocidente. Tudo isso no mesmo dia em que sua nomea√ß√£o para disputar √† presid√™ncia dos EUA foi confirmada - e que concorrer√° contra Biden. N√£o s√≥ os EUA, mas todo o mundo anseia pelo retorno de Trump, para que tempos de paz e normalidade sejam resgatados. Que Deus aben√ßoe a sua vida. üì∏ Foto: eu, Presidente Trump e o Deputado Federal Mario Frias mariofriasoficial (PL-SP) no Mar-a-Lago, resort e resid√™ncia oficial de Donald Trump, onde ele recebe chefes-de-Estado, autoridades locais e internacionais e onde ele recepcionou meu pai em 2020, quando ambos eram presidentes. (ENG) God blessed us with a private dinner and good hours of conversation with the future President of the United States of America, which began with the American National Anthem. Certainly Trump is aware of what is happening in Brazil and a strong characteristic of him is his courage and authenticity to implement the correct decisions. In the end I was able to make a video call connecting President Trump with President Bolsonaro. It is impossible not to admit that they are the two greatest patriotic leaders in the Western hemisphere. All this on the same day that his nomination to run for president of the United States was confirmed - and that he will run against Biden. Not only the USA, but the whole world is cheering for Trump's return, so that times of peace and normality can be rescued. God bless him. üì∏ Photo: me, President Trump and Federal Congressman Mario Frias (PL-SP) at Mar-a-Lago.",https://www.instagram.com/p/C4gAoIuL0jX/
Eduardo Bolsonaro,14-20 MAR/24,17-03-2024,Instagram,Reels,227660,0.04,967108.0,0.0,213466,14194.0,0.0,314740.87,"Chilenos e brasileiros, al√©m de outros acess√≥rios. Link nos stories ou VinhoBolsonaro.com.br üç∑",https://www.instagram.com/reel/C4neB05r6TZ/
Eduardo Bolsonaro,14-20 MAR/24,17-03-2024,Instagram,Carrossel,215525,0.0379,967108.0,0.0,208638,6887.0,0.0,254324.89,Domingo na casa dos av√≥s! üôè,https://www.instagram.com/p/C4n-MZCLewn/
Gustavo Gayer,14-20 MAR/24,20-03-2024,Instagram,Reels,187571,0.1026,310652.0,0.0,180429,7142.0,0.0,217186.18,A verdade sempre aparece,https://www.instagram.com/reel/C4wk75NtgwH/
Gustavo Gayer,14-20 MAR/24,19-03-2024,Instagram,Reels,154209,0.0846,309896.0,0.0,143910,10299.0,0.0,210071.65,Detonando a IMPRENSA durante uma coletiva de IMPRENSA Alma lavada,https://www.instagram.com/reel/C4tVlG8OkxL/
Gustavo Gayer,14-20 MAR/24,17-03-2024,Instagram,Reels,99808,0.0549,309118.0,0.0,95614,4194.0,0.0,121511.0,Gilmar Mendes admite que n√£o houve tentativa de golpe no 8 de Janeiro,https://www.instagram.com/reel/C4oVWSbMPKg/
Josimar de Maranh√£ozinho,14-20 MAR/24,18-03-2024,Instagram,Carrossel,669,0.0058,28807.0,0.0,652,17.0,0.0,1342.95,"Hoje, o deputado Josimar de Maranh√£ozinho oficializou a filia√ß√£o da vice-prefeita e pr√©-candidata √† prefeitura de Santo Ant√¥nio dos Lopes, Cibelle Napole√£o, ao Partido Liberal (PL). Essa ades√£o representa um fortalecimento para o PL, especialmente com a inclus√£o de uma figura t√£o dedicada e comprometida com o bem-estar das pessoas, especialmente aquelas em maior vulnerabilidade. Acompanhando a ocasi√£o estavam seu esposo, Maur√≠cio, e seu primo, Napole√£o Sobrinho.",https://www.instagram.com/p/C4q9-NDOKQJ/
Josimar de Maranh√£ozinho,14-20 MAR/24,20-03-2024,Instagram,Foto,521,0.0045,28814.0,0.0,503,18.0,0.0,1222.66,"Os deputados federais Josimar Maranh√£ozinho e Detinha participaram de uma reuni√£o com Valdemar Costa Neto, o presidente do Partido Liberal (PL). Durante a reuni√£o, debateram sobre as elei√ß√µes municipais que ocorrer√£o em 2024 e o encontro do PL Mulher Maranh√£o.",https://www.instagram.com/p/C4wOjAEO7f4/
Josimar de Maranh√£ozinho,14-20 MAR/24,18-03-2024,Instagram,Reels,467,0.0040999999999999,28807.0,0.0,440,27.0,0.0,1237.63,"Os deputados Josimar e Detinha receberam a filia√ß√£o de Kekeu, pr√©-candidato a prefeito de Governador Newton Bello. Kekeu conta com o apoio do atual prefeito, Roberto do Posto.",https://www.instagram.com/reel/C4qw42ZuWZo/
Nikolas Ferreira,14-20 MAR/24,19-03-2024,Instagram,Reels,604461,0.0572,1795298.0,0.0,590807,13654.0,0.0,653821.51,N√£o ser√£o esquecidos.,https://www.instagram.com/reel/C4t3nbbrO6X/
Nikolas Ferreira,14-20 MAR/24,20-03-2024,Instagram,Reels,326053,0.0308999999999999,1795298.0,0.0,310380,15673.0,0.0,428200.59,Capacitados s√£o voc√™s üëçüèª,https://www.instagram.com/reel/C4vpso4OQFP/
Nikolas Ferreira,14-20 MAR/24,20-03-2024,Twitter,Link,42436,0.1341999999999999,316284.0,0.0,36212,0.0,6224.0,67466.07,"Ap√≥s mais de 5 anos de empenho, finalmente aprovamos o fim das sa√≠das tempor√°rias, que ocasionaram diversas v√≠timas em todo o pa√≠s. Perde o crime, vence o Brasil. Parab√©ns pelo projeto, @DerriteSP! t.co/kUC5dYEWJP",https://twitter.com/user/status/1770579398418215256
Abilio Brunini,4-10 SET/24,4-09-2024,Instagram,Reels,11975,0.0412999999999999,72517.0,0.0,11703,272.0,0.0,13798.59,Eu n√£o xingo! üòâ Jo√£o 8.32 ‚úÖ,https://www.instagram.com/reel/C_g02E5PSlv/
Abilio Brunini,4-10 SET/24,6-09-2024,Instagram,Reels,8501,0.0293,72573.0,0.0,7980,521.0,0.0,12515.38,Botelho (f√£ do Lula) disse que Bolsonaro n√£o tinha condi√ß√µes de ser presidente. Agora em entrevista ao olhardiretooficial disse que o Abilio n√£o tenho condi√ß√µes de ser presidente. O sistema √© ‚Ä¶,https://www.instagram.com/reel/C_lPo8ru35t/
Abilio Brunini,4-10 SET/24,5-09-2024,Instagram,Reels,7526,0.0259,72573.0,0.0,7197,329.0,0.0,10363.6,Vamos pra cima 2Ô∏è‚É£2Ô∏è‚É£‚úÖ pra resgatar Cuiab√° üáßüá∑ jairmessiasbolsonaro,https://www.instagram.com/reel/C_jks8KPZAm/
Andr√© Fernandes,4-10 SET/24,5-09-2024,TikTok,V√≠deo,534887,0.107,0.0,5000000.0,514900,6687.0,13300.0,1456810.16,"Sarto, se for chorar manda a√∫dio! üòÇ",https://www.tiktok.com/@andrefernandes_br/video/7411303189175176454
Andr√© Fernandes,4-10 SET/24,8-09-2024,TikTok,V√≠deo,341018,0.0897,0.0,3800000.0,331200,2808.0,7010.0,1061432.16,Bom Jardim representou! ü´∂üèªüëèüèª,https://www.tiktok.com/@andrefernandes_br/video/7412389049056431365
Andr√© Fernandes,4-10 SET/24,7-09-2024,Instagram,Reels,114258,0.0634,306351.0,0.0,110617,3641.0,0.0,402085.44,Menos de 1 m√™s pra vit√≥ria!,https://www.instagram.com/reel/C_n15HVxalH/
Antonio Carlos Rodrigues,4-10 SET/24,4-09-2024,Instagram,Reels,58,0.0015,9694.0,0.0,47,11.0,0.0,798.19,"Acompanhei o lan√ßamento do meu amigo, parceiro e candidato √† reelei√ß√£o a vereador de S√£o Paulo, isacfelix_. Um dia de muita uni√£o e for√ßa com os nossos apoiadores! Isac, estamos juntos sempre! Um n√∫mero campe√£o voc√™s j√° sabem: 2Ô∏è‚É£2Ô∏è‚É£6Ô∏è‚É£7Ô∏è‚É£8Ô∏è‚É£ ‚úÖ #isacfelix #isacfelix22678 #capaoredondo #campolimpo #valovelho",https://www.instagram.com/p/C_gCMA1vyLF/
Antonio Carlos Rodrigues,4-10 SET/24,5-09-2024,Instagram,0,143,0.0037,9656.0,0.0,129,14.0,0.0,575.23,Hoje √© um dia para refor√ßarmos o orgulho de sermos brasileiros e refletirmos sobre nosso papel na constru√ß√£o de um pa√≠s mais justo e pr√≥spero para todos! Orgulho de ser brasileiro üáßüá∑,https://www.instagram.com/p/C_ibb0juPld/
Antonio Carlos Rodrigues,4-10 SET/24,6-09-2024,Instagram,Reels,374,0.0098,9581.0,0.0,336,38.0,0.0,437.06,"Cuidando da sa√∫de de Ilha Solteira! Contem comigo! Abra√ßos, Antonio Carlos Rodrigues üí° #ilhasolteira #ilhasolteirasp #ACR #ohomemdalampada",https://www.instagram.com/reel/C_mQdWMsbF8/
Bia Kicis,4-10 SET/24,6-09-2024,Instagram,Reels,189542,0.0935999999999999,344107.0,0.0,150126,39416.0,0.0,440391.82,Servidores do INSS protestam contra Lula. Ningu√©m aguenta mais o descaso desse desgoverno.,https://www.instagram.com/reel/C_ltswnJfpd/
Bia Kicis,4-10 SET/24,4-09-2024,Instagram,Reels,161073,0.0796,344026.0,0.0,154873,6200.0,0.0,188709.21,O grande jornalista alexandregarcia.br n√£o est√° mais em solo brasileiro. Que tristeza!,https://www.instagram.com/reel/C_hFmlmp3Cn/
Bia Kicis,4-10 SET/24,4-09-2024,Instagram,Reels,156075,0.0771,343945.0,0.0,149417,6658.0,0.0,187541.82,"Coletiva de imprensa da oposi√ß√£o para an√∫ncio de obstru√ß√£o dos trabalhos com foco no impeachment do ministro Alexandre de Moraes. Chega de tirania! Dia 7/9, manifesta√ß√£o na Avenida Paulista.",https://www.instagram.com/reel/C_guZ6zp5TR/
Caroline De Toni,4-10 SET/24,7-09-2024,Instagram,Reels,153596,0.1643,233751.0,0.0,149761,3835.0,0.0,163609.07,"A pauta de nossas vidas √© a luta incans√°vel para corrigir as injusti√ßas cometidas contra os patriotas presos no dia 8 de janeiro. Precisamos devolver a voz aos que foram silenciados e garantir os direitos fundamentais √†queles que n√£o tiveram sequer a chance de se defender. Entre eles, idosos, m√£es, pais de fam√≠lia ‚Äî todos tratados sem o devido processo legal, enfrentando condi√ß√µes piores que criminosos de alta periculosidade. Nossa miss√£o √© devolver os pais aos filhos que sofrem a dor da separa√ß√£o. Fazer justi√ßa para essas fam√≠lias que, embora n√£o tenham perdido seus entes queridos, vivem a dor de serem ‚Äú√≥rf√£os de pais vivos‚Äù. Essas pris√µes arbitr√°rias n√£o apenas representam uma afronta √† liberdade de express√£o e ao direito de se manifestar, mas escancaram o uso pol√≠tico das institui√ß√µes para reprimir e silenciar. A discuss√£o come√ßa na pr√≥xima semana na CCJC. Contamos com o apoio e as ora√ß√µes de todos! ANISTIA J√Å!",https://www.instagram.com/reel/C_ossFvMRQ7/
Caroline De Toni,4-10 SET/24,6-09-2024,Instagram,Foto,53618,0.0574,233562.0,0.0,50494,3124.0,0.0,72760.48,"O governo, que tanto afirma defender as mulheres, s√≥ decidiu demitir o ministro ap√≥s as acusa√ß√µes de ass√©dio se tornarem p√∫blicas. Ao menos, desta vez, por n√£o se tratar do filho de Lula agredindo mulheres, a esquerda repudiar√° as a√ß√µes de Silvio Almeida. Mas reparem bem como tudo acontece de forma moderada quando os esc√¢ndalos v√™m da esquerda. Se fosse algu√©m ligado ao Bolsonaro, mesmo que indiretamente, j√° teria sido duramente criticado em p√∫blico. Mas √© aquela velha hist√≥ria: dois pesos, duas medidas. Gazeta do Povo - tinyurl.com/ykayv4pj O Tempo - tinyurl.com/5ff9j9mn Isto√â - tinyurl.com/muap38nsMostrar Menos ‚Ä¢",https://www.instagram.com/p/C_l4yGtSHZt/
Caroline De Toni,4-10 SET/24,6-09-2024,Instagram,V√≠deo,49101,0.0526,233562.0,0.0,46706,2395.0,0.0,63889.5,"TCU Confirma Corrup√ß√£o na Petrobras: R$ 650 Milh√µes de Sobrepre√ßo e Propina üö® O TCU (Tribunal de Contas da Uni√£o) confirmou mais um esc√¢ndalo envolvendo a Petrobras e a Refinaria Abreu e Lima (PE), um desdobramento da Opera√ß√£o Lava Jato. Ex-gestores da estatal e empreiteiras foram condenados por sobrepre√ßo de R$ 650 milh√µes, incluindo propina em contratos superfaturados. Esse processo se arrastava desde 2016, e agora, o TCU identificou o impacto devastador aos cofres p√∫blicos. O Brasil exige justi√ßa e a recupera√ß√£o do que foi roubado da nossa na√ß√£o. N√£o podemos aceitar que esses esc√¢ndalos fiquem impunes! A quem interessa que esses casos caiam no esquecimento? Poder 360 - tinyurl.com/55awuu36 Revista Oeste - tinyurl.com/3337ts45 Epoch Times - tinyurl.com/495wxv93Mostrar Menos ‚Ä¢",https://www.instagram.com/p/C_lwfYWSyP_/
Chris Tonietto,4-10 SET/24,4-09-2024,Instagram,Reels,3328,0.0149,55915.0,0.0,3218,110.0,0.0,4878.72,"Que alegria √© para mim poder auxiliar, via emenda parlamentar, uma iniciativa que marcou a minha caminhada como crist√£, e que tem feito bem a tantos dependentes qu√≠micos! H√° mais de 20 anos, a Comunidade Cat√≥lica Maranath√° tem resgatado vidas do mundo das drogas, e devolvido a dignidade de muitas pessoas, por meio de um trabalho completo nos planos f√≠sico, psicol√≥gico e espiritual. Que Deus continue aben√ßoando esse projeto t√£o bonito, e que a Maranath√° possa inspirar muitas outras iniciativas semelhantes! Vamos livrar o Brasil do v√≠cio das drogas!",https://www.instagram.com/reel/C_gEJtFtv85/
Chris Tonietto,4-10 SET/24,7-09-2024,Instagram,Foto,3215,0.0144,55895.0,0.0,3196,19.0,0.0,4158.65,"A independ√™ncia de um povo n√£o se conquista de uma vez para sempre: √© uma batalha de todos os dias, de afirmarmos nossa soberania, nossos valores e nossa liberdade, e resistirmos sempre aos candidatos a tiranos da vez. H√° 202 anos, √†s margens do rio Ipiranga, bradou um grito de liberdade. Seria muito triste se perd√™ssemos agora o que tantas gera√ß√µes lutaram para preservar. Aqueles que rasgam a nossa Constitui√ß√£o Federal, desrespeitam a democracia brasileira e atacam a nossa liberdade merecem nada menos que o impeachment. N√£o h√° independ√™ncia sem liberdade!",https://www.instagram.com/p/C_oEhyOJJbD/
Eduardo Bolsonaro,4-10 SET/24,7-09-2024,Instagram,Reels,467110,0.0794,1000204.0,0.0,450429,16681.0,0.0,528427.25,Que ser muito mal intencionado para chamar isso de democracia.,https://www.instagram.com/reel/C_oJwSsvFVH/
Eduardo Bolsonaro,4-10 SET/24,7-09-2024,Instagram,Reels,344596,0.0586,1000204.0,0.0,336339,8257.0,0.0,375445.05,0,https://www.instagram.com/reel/C_n9DYwvZAh/
Eduardo Bolsonaro,4-10 SET/24,10-09-2024,Instagram,Foto,201684,0.0342,1002221.0,0.0,190018,11666.0,0.0,275903.9,Que ser muito mal intencionado para chamar isso de democracia.,https://www.instagram.com/p/C_vk7KpRsh0/
Gustavo Gayer,4-10 SET/24,7-09-2024,Instagram,Reels,211750,0.1024,351409.0,0.0,142033,69717.0,0.0,666914.64,Qual palavra voc√™ usaria para descrever esse turma ?,https://www.instagram.com/reel/C_nfkyAuUeP/
Gustavo Gayer,4-10 SET/24,7-09-2024,Instagram,Reels,211642,0.1024,351409.0,0.0,202481,9161.0,0.0,252618.72,Meu discurso na Paulista - 07 de setembro de 2024,https://www.instagram.com/reel/C_oGh7SJSbN/
Gustavo Gayer,4-10 SET/24,6-09-2024,Instagram,Reels,152686,0.0739,351029.0,0.0,148092,4594.0,0.0,170669.69,O governo mais impressionante que o Brasil j√° viu.,https://www.instagram.com/reel/C_lSpL8OxSd/
Josimar de Maranh√£ozinho,4-10 SET/24,4-09-2024,Instagram,Reels,985,0.0083,29707.0,0.0,939,46.0,0.0,1833.42,"Em S√£o Jo√£o do Caru, s√≥ d√° amarelinho! üíõ Grande com√≠cio do 2Ô∏è‚É£2Ô∏è‚É£, ao lado do nosso prefeito petecaoficiall, garantindo a continua√ß√£o de um excelente trabalho.",https://www.instagram.com/reel/C_f1sWoOATS/
Josimar de Maranh√£ozinho,4-10 SET/24,8-09-2024,Instagram,Reels,787,0.0066,29746.0,0.0,734,53.0,0.0,1711.9,Reuni√£o com nosso pr√≥ximo prefeito de Vargem Grande diegaodamadeireira no povoado de Morada Nova. Esperan√ßa para mudan√ßa!,https://www.instagram.com/reel/C_rIuY1OSqq/
Josimar de Maranh√£ozinho,4-10 SET/24,8-09-2024,Instagram,Reels,644,0.0054,29746.0,0.0,628,16.0,0.0,1335.84,"Carreata da nossa prefeita ducilenebelezinha, rumo √† reelei√ß√£o em Chapadinha! A for√ßa do povo est√° com quem trabalha e faz a diferen√ßa. Vamos juntos por mais conquistas!",https://www.instagram.com/reel/C_qm62luni0/
Nikolas Ferreira,4-10 SET/24,7-09-2024,Instagram,Reels,1273525,0.1105,1959867.0,0.0,1217439,56086.0,0.0,1523172.33,"Ou ficar a p√°tria livre, ou morrer pelo Brasil.",https://www.instagram.com/reel/C_oSYLIp0yC/
Nikolas Ferreira,4-10 SET/24,9-09-2024,Instagram,Reels,690820,0.0599,1962183.0,0.0,673171,17649.0,0.0,759189.32,Respondendo um boca aberta sobre democracia.,https://www.instagram.com/reel/C_tl_sRJ1CT/
Nikolas Ferreira,4-10 SET/24,5-09-2024,Instagram,Reels,647840,0.0562,1957922.0,0.0,634048,13792.0,0.0,695748.3,Eu avisei: a fala aveludada n√£o engana ningu√©m.,https://www.instagram.com/reel/C_jRZnmJJeM/
